date,presentprice,open,highprice,lowprice,change%
20170822,"1,133.58","1,138.93","1,138.93","1,133.53",-0.49
20170821,"1,139.11","1,140.06","1,140.06","1,137.05",-0.08
20170820,"1,140.06","1,139.75","1,140.70","1,139.75",0.02
20170818,"1,139.78","1,141.18","1,145.01","1,137.29",-0.24
20170817,"1,142.50","1,134.60","1,142.68","1,133.45",0.61
20170816,"1,135.60","1,134.93","1,144.00","1,133.65",-0.03
20170815,"1,135.93","1,138.41","1,140.15","1,132.27",-0.31
20170814,"1,139.41","1,141.90","1,143.25","1,135.36",-0.3
20170811,"1,142.86","1,143.17","1,149.00","1,140.23",-0.11
20170810,"1,144.17","1,138.40","1,146.61","1,137.01",0.42
20170809,"1,139.40","1,127.99","1,141.16","1,125.37",0.91
20170808,"1,129.18","1,126.15","1,129.67","1,122.90",0.18
20170807,"1,127.15","1,127.65","1,130.10","1,125.41",-0.14
20170804,"1,128.78","1,127.95","1,130.62","1,122.29",-0.02
20170803,"1,128.95","1,121.97","1,130.80","1,121.77",0.53
20170802,"1,122.97","1,120.53","1,126.81","1,119.37",0.13
20170801,"1,121.54","1,118.40","1,123.59","1,114.60",0.19
20170731,"1,119.40","1,123.30","1,126.10","1,117.90",-0.47
20170728,"1,124.69","1,116.35","1,126.12","1,114.90",0.66
20170727,"1,117.35","1,111.60","1,117.99","1,109.90",0.43
20170726,"1,112.60","1,119.01","1,123.30","1,111.15",-0.66
20170725,"1,120.02","1,114.40","1,120.76","1,113.63",0.41
20170724,"1,115.40","1,117.90","1,119.61","1,111.31",-0.31
20170721,"1,118.84","1,120.24","1,124.41","1,115.79",-0.21
20170720,"1,121.24","1,123.59","1,127.57","1,119.95",-0.3
20170719,"1,124.60","1,124.29","1,125.41","1,119.27",-0.06
20170718,"1,125.29","1,127.39","1,131.00","1,121.30",-0.27
20170717,"1,128.39","1,128.00","1,130.81","1,125.30",-0.06
20170714,"1,129.10","1,136.85","1,139.63","1,125.69",-0.77
20170713,"1,137.85","1,137.31","1,140.70","1,133.80",-0.04
20170712,"1,138.32","1,148.17","1,149.61","1,136.35",-0.94
20170711,"1,149.17","1,148.57","1,153.35","1,147.16",-0.04
20170710,"1,149.58","1,152.80","1,154.91","1,147.30",-0.36
20170707,"1,153.74","1,156.25","1,158.75","1,151.76",-0.3
20170706,"1,157.26","1,152.33","1,158.70","1,149.82",0.34
20170705,"1,153.34","1,149.73","1,156.06","1,146.58",0.23
20170704,"1,150.73","1,149.27","1,152.89","1,146.36",0.04
20170703,"1,150.28","1,144.60","1,150.69","1,140.56",0.42
20170630,"1,145.43","1,146.29","1,147.72","1,140.55",-0.16
20170629,"1,147.30","1,137.93","1,149.31","1,137.00",0.73
20170628,"1,138.93","1,139.55","1,146.72","1,137.68",-0.14
20170627,"1,140.56","1,132.51","1,141.42","1,132.43",0.62
20170626,"1,133.52","1,133.65","1,138.40","1,131.10",-0.12
20170623,"1,134.89","1,138.30","1,142.90","1,131.85",-0.39
20170622,"1,139.30","1,142.32","1,144.03","1,137.76",-0.35
20170621,"1,143.32","1,140.93","1,145.46","1,138.58",0.12
20170620,"1,141.93","1,135.77","1,143.53","1,134.33",0.45
20170619,"1,136.78","1,131.55","1,137.86","1,128.00",0.33
20170616,"1,133.08","1,129.83","1,139.01","1,126.79",0.2
20170615,"1,130.84","1,118.93","1,132.59","1,117.80",0.97
20170614,"1,119.93","1,126.73","1,128.31","1,115.29",-0.69
20170613,"1,127.73","1,129.97","1,131.59","1,125.65",-0.29
20170612,"1,130.97","1,124.35","1,133.26","1,122.60",0.5
20170609,"1,125.30","1,120.95","1,126.02","1,118.56",0.3
20170608,"1,121.95","1,123.28","1,128.01","1,120.85",-0.21
20170607,"1,124.28","1,117.07","1,126.00","1,116.93",0.55
20170606,"1,118.08","1,117.31","1,122.54","1,114.49",-0.02
20170605,"1,118.31","1,117.35","1,120.93","1,114.78",-0.01
20170602,"1,118.39","1,121.13","1,124.51","1,116.76",-0.33
20170601,"1,122.13","1,118.65","1,124.22","1,117.40",0.22
20170531,"1,119.65","1,123.49","1,125.16","1,116.56",-0.43
20170530,"1,124.49","1,121.05","1,126.90","1,120.75",0.22
20170529,"1,122.05","1,118.04","1,123.12","1,117.40",0.29
20170526,"1,118.84","1,119.35","1,122.65","1,114.75",-0.14
20170525,"1,120.36","1,118.23","1,122.51","1,115.30",0.1
20170524,"1,119.23","1,124.46","1,128.81","1,117.90",-0.55
20170523,"1,125.46","1,115.03","1,126.47","1,114.40",0.84
20170522,"1,116.04","1,117.15","1,119.90","1,113.48",-0.14
20170519,"1,117.62","1,128.19","1,131.97","1,114.75",-1.02
20170518,"1,129.19","1,122.05","1,134.39","1,121.55",0.55
20170517,"1,123.06","1,115.06","1,123.26","1,114.06",0.63
20170516,"1,116.06","1,117.11","1,120.33","1,112.95",-0.18
20170515,"1,118.12","1,122.36","1,128.04","1,114.64",-0.47
20170512,"1,123.41","1,123.41","1,130.65","1,120.99",-0.09
20170511,"1,124.41","1,131.05","1,134.95","1,122.57",-0.67
20170510,"1,132.05","1,138.15","1,139.53","1,130.47",-0.62
20170509,"1,139.15","1,132.69","1,140.73","1,132.05",0.48
20170508,"1,133.69","1,134.15","1,138.15","1,129.33",-0.18
20170505,"1,135.71","1,134.59","1,142.13","1,134.52",0.01
20170504,"1,135.60","1,132.95","1,137.08","1,128.69",0.15
20170503,"1,133.95","1,128.20","1,134.48","1,127.35",0.42
20170502,"1,129.20","1,136.60","1,137.89","1,126.15",-0.74
20170501,"1,137.60","1,136.74","1,140.08","1,134.51",-0.02
20170428,"1,137.88","1,130.65","1,141.36","1,128.21",0.55
20170427,"1,131.65","1,132.03","1,136.48","1,127.45",-0.12
20170426,"1,133.03","1,127.23","1,137.39","1,120.90",0.43
20170425,"1,128.23","1,133.38","1,137.45","1,123.25",-0.54
20170424,"1,134.38","1,133.71","1,139.79","1,125.08",-0.02
20170421,"1,134.57","1,137.11","1,140.90","1,131.90",-0.31
20170420,"1,138.12","1,142.69","1,145.31","1,134.56",-0.49
20170419,"1,143.69","1,141.64","1,144.65","1,136.80",0.09
20170418,"1,142.64","1,132.01","1,148.82","1,131.49",0.85
20170417,"1,133.02","1,135.33","1,139.62","1,130.41",-0.3
20170414,"1,136.45","1,135.32","1,142.08","1,134.40",0.01
20170413,"1,136.32","1,133.95","1,138.90","1,125.19",0.12
20170412,"1,134.95","1,144.63","1,150.30","1,133.49",-0.93
20170411,"1,145.63","1,142.47","1,150.61","1,140.17",0.19
20170410,"1,143.47","1,136.92","1,144.82","1,135.99",0.49
20170407,"1,137.89","1,130.29","1,140.81","1,129.44",0.58
20170406,"1,131.30","1,127.27","1,135.04","1,125.77",0.27
20170405,"1,128.28","1,124.09","1,129.15","1,120.97",0.28
20170404,"1,125.10","1,116.27","1,127.22","1,115.79",0.7
20170403,"1,117.28","1,115.90","1,119.54","1,111.26",-0.03
20170331,"1,117.65","1,117.59","1,122.68","1,115.14",-0.08
20170330,"1,118.60","1,110.47","1,119.81","1,109.19",0.64
20170329,"1,111.47","1,115.41","1,117.31","1,109.79",-0.44
20170328,"1,116.41","1,110.31","1,117.15","1,109.89",0.46
20170327,"1,111.32","1,116.14","1,117.58","1,105.64",-0.56
20170324,"1,117.56","1,121.68","1,125.61","1,112.49",-0.46
20170323,"1,122.68","1,116.28","1,124.64","1,115.79",0.48
20170322,"1,117.28","1,122.03","1,127.60","1,115.59",-0.51
20170321,"1,123.03","1,113.51","1,124.31","1,113.09",0.76
20170320,"1,114.52","1,128.04","1,131.31","1,111.58",-1.29
20170317,"1,129.04","1,127.81","1,134.14","1,126.39",0.02
20170316,"1,128.82","1,127.61","1,134.70","1,124.85",0.02
20170315,"1,128.62","1,148.97","1,150.84","1,126.59",-1.86
20170314,"1,149.97","1,146.59","1,151.20","1,144.35",0.17
20170313,"1,147.99","1,147.72","1,153.01","1,142.75",-0.07
20170310,"1,148.81","1,159.09","1,162.03","1,147.19",-0.97
20170309,"1,160.10","1,153.79","1,161.45","1,152.09",0.43
20170308,"1,155.19","1,149.67","1,156.88","1,142.27",0.39
20170307,"1,150.67","1,154.15","1,158.11","1,145.19",-0.39
20170306,"1,155.15","1,151.41","1,159.40","1,151.12",0.25
20170303,"1,152.32","1,149.71","1,159.85","1,146.70",0.14
20170302,"1,150.71","1,139.23","1,152.53","1,138.79",0.92
20170301,"1,140.23","1,136.39","1,146.42","1,136.00",0.21
20170228,"1,137.80","1,133.65","1,138.19","1,123.56",0.28
20170227,"1,134.65","1,129.50","1,135.21","1,128.29",0.37
20170224,"1,130.50","1,132.09","1,134.80","1,126.90",-0.23
20170223,"1,133.10","1,137.48","1,142.70","1,128.19",-0.47
20170222,"1,138.48","1,141.89","1,145.83","1,136.69",-0.39
20170221,"1,142.89","1,144.37","1,149.81","1,140.59",-0.22
20170220,"1,145.38","1,149.61","1,151.57","1,143.89",-0.47
20170217,"1,150.78","1,140.99","1,152.68","1,140.49",0.77
20170216,"1,141.99","1,134.27","1,144.04","1,132.74",0.59
20170215,"1,135.28","1,137.89","1,146.01","1,132.19",-0.32
20170214,"1,138.89","1,148.71","1,151.40","1,133.59",-0.94
20170213,"1,149.71","1,145.59","1,155.40","1,145.17",0.27
20170210,"1,146.60","1,150.02","1,155.40","1,144.69",-0.38
20170209,"1,151.02","1,144.20","1,152.28","1,141.92",0.51
20170208,"1,145.20","1,142.39","1,149.56","1,141.16",0.16
20170207,"1,143.39","1,133.59","1,148.48","1,132.19",0.74
20170206,"1,134.99","1,137.36","1,141.01","1,130.10",-0.31
20170203,"1,138.52","1,143.09","1,149.51","1,133.16",-0.49
20170202,"1,144.10","1,152.71","1,155.20","1,136.63",-0.83
20170201,"1,153.71","1,150.65","1,159.40","1,148.89",0.18
20170131,"1,151.65","1,169.71","1,171.11","1,146.99",-1.63
20170130,"1,170.71","1,177.40","1,179.43","1,168.59",-0.69
20170127,"1,178.82","1,170.99","1,180.93","1,169.69",0.55
20170126,"1,172.39","1,161.70","1,173.12","1,155.30",0.83
20170125,"1,162.70","1,169.23","1,170.35","1,160.67",-0.64
20170124,"1,170.23","1,162.23","1,170.77","1,159.76",0.6
20170123,"1,163.23","1,174.35","1,176.01","1,161.79",-1.03
20170120,"1,175.39","1,174.18","1,178.45","1,167.63",0.02
20170119,"1,175.18","1,177.37","1,181.53","1,173.36",-0.27
20170118,"1,178.38","1,159.83","1,178.95","1,159.39",1.51
20170117,"1,160.84","1,182.37","1,188.11","1,159.15",-1.9
20170116,"1,183.38","1,174.05","1,185.55","1,174.04",0.71
20170113,"1,175.00","1,174.91","1,181.40","1,170.77",-0.08
20170112,"1,175.91","1,186.87","1,188.18","1,170.30",-1.01
20170111,"1,187.88","1,200.79","1,203.36","1,183.49",-1.16
20170110,"1,201.80","1,202.35","1,204.26","1,193.08",-0.13
20170109,"1,203.36","1,201.00","1,209.61","1,200.08",0.11
20170106,"1,202.00","1,180.79","1,202.33","1,179.19",1.68
20170105,"1,182.19","1,195.15","1,196.72","1,179.77",-1.17
20170104,"1,196.15","1,205.81","1,210.11","1,193.89",-0.88
20170103,"1,206.82","1,202.93","1,212.81","1,200.39",0.24
20170102,"1,203.93","1,205.85","1,210.70","1,202.19",-0.28
20161230,"1,207.26","1,205.39","1,208.29","1,199.73",0.07
20161229,"1,206.39","1,210.93","1,212.42","1,204.59",-0.46
20161228,"1,211.93","1,206.67","1,215.11","1,204.60",0.35
20161227,"1,207.67","1,199.35","1,209.48","1,198.89",0.56
20161226,"1,200.99","1,199.35","1,202.72","1,197.04",0.05
20161223,"1,200.36","1,204.25","1,206.11","1,198.90",-0.41
20161222,"1,205.26","1,193.19","1,207.76","1,192.59",0.93
20161221,"1,194.19","1,191.21","1,198.26","1,190.75",0.17
20161220,"1,192.21","1,186.69","1,196.56","1,186.55",0.34
20161219,"1,188.14","1,185.44","1,191.98","1,182.71",0.13
20161216,"1,186.58","1,182.39","1,189.38","1,180.15",0.27
20161215,"1,183.39","1,178.72","1,187.89","1,176.55",0.31
20161214,"1,179.72","1,163.30","1,180.90","1,162.18",1.32
20161213,"1,164.30","1,163.73","1,169.70","1,161.35",-0.04
20161212,"1,164.73","1,171.91","1,174.90","1,161.69",-0.7
20161209,"1,172.89","1,161.37","1,175.06","1,161.37",0.87
20161208,"1,162.79","1,157.27","1,166.43","1,155.79",0.39
20161207,"1,158.28","1,170.53","1,173.40","1,156.89",-1.13
20161206,"1,171.54","1,166.15","1,173.40","1,165.38",0.38
20161205,"1,167.15","1,171.70","1,176.63","1,165.17",-0.01
20161202,"1,167.32","1,166.73","1,175.21","1,163.69",-0.04
20161201,"1,167.73","1,176.39","1,179.78","1,165.69",-0.85
20161130,"1,177.80","1,166.75","1,179.45","1,165.25",0.86
20161129,"1,167.76","1,170.89","1,175.06","1,165.73",-0.35
20161128,"1,171.89","1,174.69","1,176.84","1,167.06",-0.33
20161125,"1,175.77","1,181.14","1,183.70","1,173.51",-0.54
20161124,"1,182.14","1,180.49","1,185.51","1,176.25",0.02
20161123,"1,181.89","1,169.07","1,186.11","1,167.65",1.01
20161122,"1,170.08","1,179.19","1,181.02","1,168.49",-0.86
20161121,"1,180.19","1,180.08","1,187.81","1,175.08",-0.08
20161118,"1,181.08","1,179.01","1,186.89","1,172.90",0.09
20161117,"1,180.02","1,169.69","1,181.19","1,167.48",0.8
20161116,"1,170.69","1,166.63","1,178.10","1,163.75",0.26
20161115,"1,167.63","1,167.91","1,173.31","1,162.67",-0.11
20161114,"1,168.91","1,164.40","1,176.91","1,164.39",0.29
20161111,"1,165.58","1,165.39","1,171.77","1,159.07",-0.07
20161110,"1,166.39","1,156.49","1,168.07","1,145.60",0.73
20161109,"1,157.89","1,127.93","1,159.01","1,127.61",2.57
20161108,"1,128.93","1,140.67","1,142.51","1,127.05",-1.12
20161107,"1,141.67","1,140.45","1,145.29","1,137.40",0.02
20161104,"1,141.45","1,143.47","1,147.20","1,138.18",-0.26
20161103,"1,144.47","1,144.05","1,146.53","1,135.55",-0.05
20161102,"1,145.06","1,144.85","1,153.01","1,140.95",-0.07
20161101,"1,145.85","1,141.73","1,148.34","1,138.10",0.27
20161031,"1,142.73","1,146.26","1,149.81","1,139.42",-0.4
20161028,"1,147.32","1,146.41","1,149.94","1,142.51",-0.01
20161027,"1,147.41","1,137.75","1,149.05","1,135.90",0.76
20161026,"1,138.76","1,129.23","1,139.23","1,127.82",0.75
20161025,"1,130.23","1,134.59","1,140.40","1,128.79",-0.47
20161024,"1,135.59","1,135.15","1,138.01","1,128.67",-0.06
20161021,"1,136.22","1,130.13","1,140.80","1,128.59",0.45
20161020,"1,131.14","1,119.35","1,132.38","1,117.69",0.96
20161019,"1,120.36","1,124.13","1,126.43","1,118.94",-0.42
20161018,"1,125.14","1,135.55","1,137.47","1,123.03",-1
20161017,"1,136.55","1,135.60","1,144.51","1,134.90",0.01
20161014,"1,136.41","1,128.69","1,137.51","1,127.69",0.59
20161013,"1,129.70","1,124.51","1,138.61","1,123.29",0.37
20161012,"1,125.51","1,123.99","1,129.39","1,120.49",0.05
20161011,"1,124.99","1,107.63","1,127.26","1,106.49",1.47
20161010,"1,108.64","1,114.80","1,117.26","1,106.49",-0.64
20161007,"1,115.76","1,114.35","1,118.70","1,109.51",0.04
20161006,"1,115.36","1,114.01","1,118.82","1,108.68",0.03
20161005,"1,115.01","1,115.57","1,117.91","1,110.55",-0.14
20161004,"1,116.57","1,103.13","1,117.80","1,101.15",1.13
20161003,"1,104.14","1,100.80","1,105.80","1,098.33",0.2
20160930,"1,101.91","1,101.67","1,106.97","1,096.87",-0.07
20160929,"1,102.68","1,091.29","1,105.36","1,090.60",0.92
20160928,"1,092.60","1,095.93","1,100.08","1,091.20",-0.39
20160927,"1,096.93","1,107.91","1,113.91","1,093.15",-1.08
20160926,"1,108.91","1,103.35","1,110.88","1,101.59",0.44
20160923,"1,104.01","1,102.33","1,107.61","1,098.47",0.06
20160922,"1,103.34","1,102.83","1,107.01","1,096.07",-0.05
20160921,"1,103.84","1,116.19","1,123.61","1,101.25",-1.2
20160920,"1,117.20","1,118.45","1,122.20","1,115.59",-0.2
20160919,"1,119.45","1,124.89","1,126.40","1,115.77",-0.59
20160916,"1,126.05","1,123.89","1,128.70","1,118.67",0.1
20160915,"1,124.89","1,125.57","1,134.36","1,121.59",-0.15
20160914,"1,126.57","1,127.15","1,129.78","1,122.06",-0.14
20160913,"1,128.16","1,106.67","1,130.14","1,106.30",1.85
20160912,"1,107.68","1,108.90","1,118.49","1,105.99",-0.09
20160909,"1,108.73","1,097.63","1,109.50","1,095.87",0.92
20160908,"1,098.63","1,089.70","1,099.05","1,087.45",0.73
20160907,"1,090.70","1,093.63","1,097.10","1,085.71",-0.36
20160906,"1,094.64","1,103.55","1,108.80","1,092.85",-0.9
20160905,"1,104.55","1,115.69","1,117.36","1,102.57",-1.07
20160902,"1,116.45","1,117.09","1,120.61","1,107.44",-0.15
20160901,"1,118.09","1,115.29","1,124.72","1,113.42",0.16
20160831,"1,116.30","1,119.23","1,121.70","1,112.55",-0.35
20160830,"1,120.24","1,119.08","1,121.59","1,112.41",0.01
20160829,"1,120.08","1,122.05","1,129.30","1,119.01",-0.22
20160826,"1,122.51","1,114.81","1,124.01","1,106.45",0.6
20160825,"1,115.82","1,120.39","1,124.61","1,113.85",-0.5
20160824,"1,121.39","1,119.58","1,125.50","1,117.33",0.07
20160823,"1,120.58","1,122.73","1,123.88","1,113.79",-0.28
20160822,"1,123.74","1,115.65","1,129.61","1,114.49",0.73
20160819,"1,115.57","1,107.13","1,123.54","1,106.31",0.67
20160818,"1,108.14","1,107.07","1,112.59","1,102.35",0.01
20160817,"1,108.07","1,094.85","1,116.51","1,093.49",1.11
20160816,"1,095.86","1,096.91","1,099.51","1,088.60",-0.19
20160815,"1,097.91","1,102.15","1,105.28","1,095.15",-0.51
20160812,"1,103.49","1,096.49","1,107.20","1,095.79",0.51
20160811,"1,097.85","1,095.09","1,104.36","1,093.00",0.13
20160810,"1,096.44","1,101.69","1,104.50","1,091.15",-0.6
20160809,"1,103.05","1,106.55","1,111.51","1,099.59",-0.41
20160808,"1,107.55","1,114.85","1,117.80","1,105.23",-0.69
20160805,"1,115.27","1,112.59","1,116.56","1,106.89",0.12
20160804,"1,113.94","1,116.00","1,117.60","1,110.99",-0.27
20160803,"1,117.00","1,110.75","1,120.30","1,109.52",0.47
20160802,"1,111.75","1,107.09","1,113.00","1,104.89",0.3
20160801,"1,108.44","1,110.45","1,115.56","1,101.79",-0.34
20160729,"1,112.24","1,123.60","1,126.45","1,110.09",-1.1
20160728,"1,124.60","1,130.63","1,131.75","1,122.36",-0.62
20160727,"1,131.63","1,136.39","1,137.95","1,130.49",-0.54
20160726,"1,137.80","1,141.09","1,144.49","1,133.63",-0.41
20160725,"1,142.44","1,135.44","1,144.18","1,133.89",0.54
20160722,"1,136.35","1,137.01","1,140.76","1,132.21",-0.15
20160721,"1,138.01","1,141.50","1,143.50","1,133.99",-0.46
20160720,"1,143.25","1,140.29","1,144.12","1,137.52",0.17
20160719,"1,141.29","1,133.89","1,143.21","1,133.39",0.53
20160718,"1,135.24","1,136.30","1,139.92","1,133.12",-0.3
20160715,"1,138.60","1,131.19","1,139.04","1,129.49",0.53
20160714,"1,132.55","1,144.87","1,148.81","1,129.19",-1.16
20160713,"1,145.87","1,142.29","1,148.82","1,140.69",0.19
20160712,"1,143.64","1,149.98","1,153.95","1,140.69",-0.64
20160711,"1,150.98","1,148.75","1,152.30","1,144.41",0.1
20160708,"1,149.80","1,157.25","1,163.30","1,146.59",-0.73
20160707,"1,158.25","1,158.45","1,162.40","1,151.49",-0.1
20160706,"1,159.45","1,158.05","1,169.90","1,155.29",0.03
20160705,"1,159.05","1,150.79","1,159.75","1,148.97",0.6
20160704,"1,152.14","1,150.75","1,153.95","1,144.07",0.19
20160701,"1,150.00","1,150.99","1,154.40","1,142.89",-0.2
20160630,"1,152.35","1,153.32","1,158.18","1,145.97",-0.17
20160629,"1,154.32","1,166.07","1,171.50","1,151.89",-1.09
20160628,"1,167.07","1,179.19","1,186.20","1,165.26",-1.14
20160627,"1,180.55","1,171.26","1,189.65","1,171.24",0.73
20160624,"1,171.95","1,140.75","1,181.10","1,139.67",2.65
20160623,"1,141.75","1,148.28","1,153.70","1,140.09",-0.66
20160622,"1,149.28","1,152.19","1,158.40","1,145.09",-0.37
20160621,"1,153.55","1,158.59","1,163.76","1,149.89",-0.55
20160620,"1,159.89","1,169.25","1,170.72","1,154.54",-0.9
20160617,"1,170.46","1,171.65","1,177.90","1,166.20",-0.19
20160616,"1,172.65","1,167.79","1,179.37","1,166.52",0.3
20160615,"1,169.14","1,175.35","1,181.15","1,164.89",-0.61
20160614,"1,176.35","1,171.44","1,182.20","1,169.61",0.33
20160613,"1,172.44","1,170.10","1,175.97","1,167.22",0.08
20160610,"1,171.53","1,157.99","1,172.95","1,156.59",1.05
20160609,"1,159.35","1,153.25","1,162.81","1,150.47",0.44
20160608,"1,154.25","1,154.99","1,159.65","1,149.89",-0.18
20160607,"1,156.30","1,161.69","1,167.01","1,152.19",-0.58
20160606,"1,162.99","1,163.90","1,168.86","1,159.89",-0.05
20160603,"1,163.55","1,185.81","1,190.56","1,161.99",-1.96
20160602,"1,186.81","1,191.37","1,194.96","1,184.38",-0.47
20160601,"1,192.37","1,188.39","1,196.40","1,187.25",0.22
20160531,"1,189.74","1,188.90","1,194.55","1,186.85",-0.31
20160530,"1,193.39","1,185.94","1,193.81","1,185.25",0.6
20160527,"1,186.25","1,178.69","1,187.50","1,176.39",0.53
20160526,"1,180.05","1,180.49","1,186.06","1,172.89",-0.15
20160525,"1,181.85","1,186.89","1,191.65","1,178.69",-0.54
20160524,"1,188.24","1,181.89","1,195.22","1,181.19",0.42
20160523,"1,183.24","1,189.95","1,191.32","1,180.80",-0.25
20160520,"1,186.20","1,186.48","1,192.85","1,184.47",-0.11
20160519,"1,187.48","1,188.19","1,193.30","1,185.89",-0.17
20160518,"1,189.55","1,176.24","1,193.54","1,173.79",1.05
20160517,"1,177.24","1,177.20","1,179.18","1,170.39",-0.08
20160516,"1,178.20","1,175.65","1,181.30","1,174.29",0.12
20160513,"1,176.80","1,169.19","1,181.03","1,164.80",0.55
20160512,"1,170.35","1,164.19","1,171.46","1,160.73",0.41
20160511,"1,165.55","1,169.59","1,173.56","1,161.19",-0.46
20160510,"1,170.94","1,174.29","1,176.95","1,168.69",-0.4
20160509,"1,175.60","1,168.70","1,179.46","1,162.00",0.54
20160506,"1,169.30","1,166.59","1,176.14","1,164.99",0.12
20160505,"1,167.89","1,165.79","1,172.00","1,162.15",0.07
20160504,"1,167.10","1,150.49","1,168.11","1,148.80",1.32
20160503,"1,151.89","1,135.79","1,152.63","1,132.37",1.3
20160502,"1,137.10","1,144.10","1,146.90","1,135.39",-0.68
20160429,"1,144.83","1,136.29","1,149.07","1,132.90",0.64
20160428,"1,137.60","1,148.01","1,150.51","1,134.89",-0.99
20160427,"1,149.01","1,146.90","1,154.93","1,141.59",0.1
20160426,"1,147.90","1,150.21","1,152.80","1,145.09",-0.29
20160425,"1,151.21","1,148.40","1,152.90","1,144.74",0.11
20160422,"1,149.99","1,140.09","1,151.30","1,136.90",0.75
20160421,"1,141.39","1,132.39","1,142.82","1,130.49",0.67
20160420,"1,133.74","1,127.69","1,137.76","1,126.09",0.42
20160419,"1,128.99","1,143.45","1,146.70","1,123.49",-1.34
20160418,"1,144.28","1,145.99","1,153.80","1,140.89",-0.24
20160415,"1,146.99","1,152.39","1,156.40","1,143.29",-0.59
20160414,"1,153.74","1,144.89","1,159.95","1,144.08",0.65
20160413,"1,146.24","1,142.89","1,150.42","1,140.59",0.21
20160412,"1,143.89","1,141.29","1,148.95","1,140.29",0.11
20160411,"1,142.64","1,150.20","1,155.45","1,140.09",-0.78
20160408,"1,151.64","1,159.49","1,164.06","1,146.09",-0.79
20160407,"1,160.80","1,154.84","1,162.01","1,149.55",0.43
20160406,"1,155.84","1,159.89","1,163.69","1,152.09",-0.43
20160405,"1,160.81","1,151.16","1,162.88","1,149.29",0.75
20160404,"1,152.16","1,146.90","1,153.30","1,144.57",0.37
20160401,"1,147.89","1,143.97","1,155.89","1,141.09",0.26
20160331,"1,144.97","1,142.92","1,147.50","1,133.69",0.1
20160330,"1,143.85","1,154.39","1,158.88","1,138.89",-1.03
20160329,"1,155.74","1,164.69","1,168.09","1,153.90",-0.88
20160328,"1,165.99","1,168.60","1,174.20","1,163.29",-0.26
20160325,"1,169.05","1,167.19","1,174.56","1,164.06",0.04
20160324,"1,168.55","1,167.49","1,171.26","1,163.05",-0.03
20160323,"1,168.85","1,156.27","1,169.51","1,154.47",1
20160322,"1,157.27","1,159.99","1,165.90","1,151.84",-0.35
20160321,"1,161.30","1,163.19","1,170.30","1,156.39",-0.26
20160318,"1,164.30","1,153.59","1,164.70","1,152.79",0.81
20160317,"1,154.94","1,177.59","1,180.26","1,150.79",-2.04
20160316,"1,178.94","1,193.59","1,197.14","1,175.60",-1.34
20160315,"1,194.94","1,187.69","1,197.84","1,184.90",0.5
20160314,"1,189.05","1,186.77","1,192.56","1,182.57",0.1
20160311,"1,187.90","1,204.09","1,211.10","1,183.39",-1.46
20160310,"1,205.44","1,208.49","1,214.86","1,197.25",-0.36
20160309,"1,209.85","1,208.89","1,218.36","1,205.69",-0.03
20160308,"1,210.24","1,198.49","1,210.90","1,198.39",0.86
20160307,"1,199.89","1,197.50","1,208.50","1,195.88",0.12
20160304,"1,198.50","1,211.07","1,214.00","1,194.19",-1.12
20160303,"1,212.07","1,223.69","1,227.70","1,207.89",-1.06
20160302,"1,225.10","1,227.99","1,237.20","1,223.29",-0.35
20160301,"1,229.35","1,237.24","1,239.44","1,225.49",-0.72
20160229,"1,238.24","1,242.50","1,246.10","1,233.89",-0.39
20160226,"1,243.13","1,233.89","1,245.99","1,229.79",0.64
20160225,"1,235.20","1,231.71","1,243.95","1,230.81",0.2
20160224,"1,232.71","1,231.04","1,241.74","1,229.89",0.05
20160223,"1,232.04","1,223.09","1,233.72","1,221.29",0.62
20160222,"1,224.44","1,233.05","1,238.76","1,221.09",-0.76
20160219,"1,233.87","1,227.59","1,240.50","1,227.29",0.4
20160218,"1,228.94","1,222.89","1,235.11","1,221.08",0.38
20160217,"1,224.24","1,217.90","1,232.16","1,216.39",0.44
20160216,"1,218.91","1,213.39","1,222.66","1,210.29",0.34
20160215,"1,214.74","1,206.85","1,214.74","1,205.60",0.64
20160212,"1,207.00","1,199.65","1,212.50","1,197.79",0.53
20160211,"1,200.65","1,187.69","1,206.80","1,187.39",0.98
20160210,"1,189.05","1,197.39","1,202.09","1,186.49",-0.81
20160209,"1,198.70","1,202.69","1,209.40","1,196.09",-0.44
20160208,"1,204.05","1,205.26","1,211.70","1,202.35",-0.19
20160205,"1,206.35","1,190.59","1,207.38","1,188.09",1.21
20160204,"1,191.94","1,199.79","1,206.95","1,180.70",-0.77
20160203,"1,201.14","1,211.48","1,222.36","1,198.28",-0.94
20160202,"1,212.48","1,201.79","1,214.57","1,196.78",0.81
20160201,"1,202.79","1,207.11","1,211.70","1,198.70",-0.44
20160129,"1,208.11","1,206.73","1,213.60","1,197.08",0.03
20160128,"1,207.74","1,207.82","1,212.10","1,200.49",-0.09
20160127,"1,208.79","1,197.32","1,209.57","1,196.75",0.88
20160126,"1,198.20","1,198.70","1,206.62","1,196.35",-0.13
20160125,"1,199.70","1,196.70","1,202.57","1,191.07",0.18
20160122,"1,197.57","1,203.20","1,207.20","1,194.84",-0.51
20160121,"1,203.76","1,208.22","1,214.30","1,202.00",-0.45
20160120,"1,209.25","1,206.39","1,219.15","1,206.11",0.15
20160119,"1,207.49","1,210.72","1,214.20","1,201.06",-0.34
20160118,"1,211.57","1,213.81","1,217.20","1,207.26",-0.27
20160115,"1,214.81","1,206.73","1,221.70","1,205.58",0.59
20160114,"1,207.74","1,209.24","1,219.07","1,206.50",-0.21
20160113,"1,210.24","1,209.40","1,215.20","1,200.30",-0.01
20160112,"1,210.33","1,203.63","1,213.50","1,202.97",0.46
20160111,"1,204.76","1,206.94","1,211.50","1,201.19",-0.26
20160108,"1,207.94","1,196.29","1,214.65","1,190.90",0.89
20160107,"1,197.29","1,199.52","1,204.70","1,192.16",-0.27
20160106,"1,200.52","1,189.81","1,203.80","1,186.59",0.82
20160105,"1,190.81","1,189.35","1,192.80","1,183.40",0.04
20160104,"1,190.35","1,174.66","1,193.23","1,174.65",1.27
20160101,"1,175.45","1,174.94","1,176.50","1,174.19",-0.04
20151231,"1,175.95","1,176.54","1,177.73","1,173.40",-0.13
20151230,"1,177.51","1,170.41","1,179.20","1,168.13",0.51
20151229,"1,171.56","1,168.05","1,172.31","1,165.90",0.23
20151228,"1,168.85","1,167.00","1,170.05","1,161.72",-0.18
20151225,"1,170.95","1,168.54","1,171.70","1,167.72",0.08
20151224,"1,170.03","1,173.01","1,176.40","1,165.90",-0.34
20151223,"1,174.02","1,170.72","1,179.54","1,169.50",0.2
20151222,"1,171.72","1,173.48","1,179.50","1,168.46",-0.23
20151221,"1,174.46","1,182.04","1,183.04","1,172.99",-0.67
20151218,"1,182.43","1,184.04","1,189.20","1,177.56",-0.22
20151217,"1,185.04","1,171.25","1,189.17","1,171.25",1.11
20151216,"1,172.02","1,173.81","1,181.90","1,170.57",-0.23
20151215,"1,174.69","1,183.32","1,186.00","1,172.95",-0.81
20151214,"1,184.32","1,186.44","1,190.65","1,182.39",-0.27
20151211,"1,187.58","1,178.05","1,192.11","1,176.50",0.72
20151210,"1,179.06","1,180.96","1,183.11","1,172.03",-0.25
20151209,"1,181.96","1,179.48","1,185.68","1,175.45",0.12
20151208,"1,180.49","1,175.36","1,185.11","1,172.28",0.35
20151207,"1,176.35","1,162.89","1,177.45","1,162.52",1.09
20151204,"1,163.64","1,153.02","1,168.36","1,152.78",0.83
20151203,"1,154.02","1,162.01","1,171.12","1,151.03",-0.77
20151202,"1,163.01","1,154.68","1,167.49","1,153.05",0.63
20151201,"1,155.69","1,159.59","1,162.60","1,154.33",-0.42
20151130,"1,160.61","1,155.77","1,161.90","1,154.48",0.33
20151127,"1,156.83","1,147.75","1,157.40","1,147.53",0.69
20151126,"1,148.88","1,143.21","1,151.44","1,140.96",0.41
20151125,"1,144.21","1,145.72","1,148.70","1,141.21",-0.22
20151124,"1,146.72","1,157.86","1,160.20","1,145.45",-1.05
20151123,"1,158.86","1,153.61","1,161.98","1,153.39",0.37
20151120,"1,154.62","1,154.86","1,160.62","1,149.80",-0.09
20151119,"1,155.66","1,165.39","1,168.30","1,154.50",-0.91
20151118,"1,166.30","1,168.67","1,175.75","1,165.33",-0.3
20151117,"1,169.77","1,168.63","1,173.25","1,166.43",0.01
20151116,"1,169.64","1,169.25","1,175.66","1,168.64",-0.06
20151113,"1,170.34","1,158.28","1,171.64","1,156.96",0.95
20151112,"1,159.28","1,154.28","1,163.04","1,150.42",0.35
20151111,"1,155.23","1,157.90","1,159.19","1,152.30",-0.32
20151110,"1,158.93","1,157.78","1,162.74","1,155.15",0.01
20151109,"1,158.79","1,152.60","1,162.70","1,151.10",0.52
20151106,"1,152.78","1,136.96","1,155.84","1,135.55",1.31
20151105,"1,137.91","1,134.21","1,143.14","1,133.89",0.23
20151104,"1,135.25","1,128.91","1,139.04","1,126.90",0.47
20151103,"1,129.91","1,137.38","1,138.88","1,127.85",-0.74
20151102,"1,138.38","1,139.66","1,144.20","1,135.65",-0.24
20151030,"1,141.16","1,141.17","1,142.85","1,135.10",-0.09
20151029,"1,142.19","1,145.18","1,148.39","1,139.60",-0.3
20151028,"1,145.60","1,135.18","1,149.40","1,127.61",0.83
20151027,"1,136.14","1,128.63","1,137.45","1,128.10",0.58
20151026,"1,129.63","1,135.75","1,139.20","1,127.43",-0.56
20151023,"1,136.01","1,129.35","1,137.96","1,122.15",0.5
20151022,"1,130.36","1,139.03","1,142.12","1,128.64",-0.85
20151021,"1,140.07","1,130.48","1,141.97","1,127.60",0.76
20151020,"1,131.49","1,131.06","1,135.90","1,125.85",-0.05
20151019,"1,132.06","1,130.72","1,133.60","1,118.58",0.05
20151016,"1,131.44","1,122.13","1,133.53","1,121.68",0.75
20151015,"1,123.04","1,136.01","1,140.00","1,120.24",-1.23
20151014,"1,137.01","1,149.29","1,155.60","1,134.54",-1.15
20151013,"1,150.29","1,143.16","1,152.85","1,142.77",0.54
20151012,"1,144.16","1,146.90","1,150.80","1,139.34",-0.34
20151009,"1,148.05","1,151.85","1,153.31","1,139.07",-0.43
20151008,"1,152.98","1,158.68","1,163.50","1,151.05",-0.5
20151007,"1,158.81","1,160.57","1,168.90","1,150.51",-0.24
20151006,"1,161.58","1,160.23","1,170.05","1,159.69",0.05
20151005,"1,161.01","1,171.85","1,175.60","1,158.20",-1.03
20151002,"1,173.10","1,177.89","1,185.70","1,171.58",-0.48
20151001,"1,178.71","1,184.28","1,185.90","1,173.97",-0.56
20150930,"1,185.29","1,194.55","1,197.45","1,179.85",-0.9
20150929,"1,196.02","1,194.69","1,199.67","1,192.96",0
20150928,"1,196.04","1,192.45","1,197.05","1,191.50",0.25
20150925,"1,193.07","1,190.55","1,199.60","1,187.94",0.16
20150924,"1,191.14","1,194.02","1,200.90","1,187.99",-0.32
20150923,"1,194.94","1,184.56","1,196.05","1,182.52",0.79
20150922,"1,185.56","1,177.45","1,188.71","1,173.80",0.6
20150921,"1,178.45","1,172.58","1,181.29","1,169.90",0.46
20150918,"1,173.04","1,165.34","1,173.59","1,159.76",0.53
20150917,"1,166.89","1,169.12","1,173.50","1,157.43",-0.28
20150916,"1,170.22","1,178.10","1,182.40","1,169.04",-0.76
20150915,"1,179.13","1,181.83","1,187.70","1,176.79",-0.31
20150914,"1,182.83","1,181.40","1,184.80","1,176.61",0.01
20150911,"1,182.69","1,181.93","1,186.80","1,180.85",-0.02
20150910,"1,182.93","1,189.88","1,199.70","1,180.54",-0.72
20150909,"1,191.51","1,193.93","1,196.30","1,184.84",-0.29
20150908,"1,194.96","1,202.73","1,209.60","1,191.74",-0.7
20150907,"1,203.40","1,200.42","1,208.00","1,196.88",0.17
20150904,"1,201.33","1,189.57","1,201.76","1,186.25",0.86
20150903,"1,191.04","1,182.95","1,193.75","1,181.82",0.59
20150902,"1,184.08","1,179.48","1,185.60","1,174.73",0.34
20150901,"1,180.05","1,182.10","1,183.90","1,169.40",-0.23
20150831,"1,182.82","1,179.75","1,185.80","1,178.40",0.25
20150828,"1,179.87","1,173.33","1,185.05","1,171.35",0.49
20150827,"1,174.13","1,182.08","1,189.10","1,170.28",-0.77
20150826,"1,183.20","1,189.94","1,195.00","1,181.74",-0.65
20150825,"1,190.95","1,189.95","1,198.80","1,174.25",0
20150824,"1,190.94","1,194.51","1,208.37","1,185.87",-0.41
20150821,"1,195.85","1,183.94","1,196.41","1,183.34",0.92
20150820,"1,184.93","1,183.16","1,192.95","1,178.75",0.07
20150819,"1,184.16","1,184.75","1,189.00","1,180.83",-0.16
20150818,"1,186.07","1,182.32","1,187.85","1,180.14",0.23
20150817,"1,183.36","1,178.55","1,186.50","1,177.47",0.34
20150814,"1,179.33","1,177.82","1,183.85","1,175.33",0.07
20150813,"1,178.51","1,172.79","1,183.00","1,169.20",0.42
20150812,"1,173.58","1,178.11","1,196.40","1,170.89",-0.48
20150811,"1,179.23","1,158.21","1,184.05","1,155.49",1.73
20150810,"1,159.20","1,163.75","1,169.80","1,157.76",-0.47
20150807,"1,164.70","1,162.86","1,172.24","1,160.20",0.09
20150806,"1,163.68","1,172.74","1,174.45","1,161.84",-0.87
20150805,"1,173.91","1,168.13","1,177.07","1,166.96",0.39
20150804,"1,169.37","1,169.98","1,172.80","1,159.06",-0.14
20150803,"1,171.04","1,166.15","1,171.90","1,161.71",0.37
20150731,"1,166.67","1,171.98","1,174.55","1,156.29",-0.55
20150730,"1,173.17","1,161.03","1,175.50","1,160.70",0.96
20150729,"1,162.04","1,159.56","1,162.35","1,154.63",0.14
20150728,"1,160.46","1,166.40","1,171.42","1,158.75",-0.61
20150727,"1,167.56","1,169.75","1,174.60","1,163.60",-0.24
20150724,"1,170.35","1,161.13","1,175.15","1,158.95",0.71
20150723,"1,162.13","1,155.87","1,167.10","1,155.58",0.44
20150722,"1,157.04","1,147.86","1,158.70","1,147.59",0.71
20150721,"1,148.84","1,155.71","1,160.70","1,147.04",-0.68
20150720,"1,156.70","1,149.25","1,159.13","1,148.88",0.57
20150717,"1,150.18","1,145.81","1,151.33","1,144.50",0.3
20150716,"1,146.79","1,146.47","1,151.30","1,142.02",-0.06
20150715,"1,147.51","1,141.86","1,149.25","1,138.53",0.38
20150714,"1,143.21","1,135.61","1,145.05","1,134.66",0.58
20150713,"1,136.59","1,130.84","1,137.27","1,127.25",0.48
20150710,"1,131.20","1,131.23","1,134.10","1,125.46",-0.09
20150709,"1,132.22","1,135.37","1,140.80","1,128.75",-0.29
20150708,"1,135.53","1,133.78","1,140.00","1,131.19",0.06
20150707,"1,134.80","1,125.43","1,137.85","1,124.79",0.77
20150706,"1,126.09","1,121.16","1,129.50","1,121.14",0.31
20150703,"1,122.60","1,122.50","1,125.53","1,116.55",-0.08
20150702,"1,123.50","1,124.19","1,127.03","1,118.08",-0.15
20150701,"1,125.21","1,118.41","1,126.97","1,114.77",0.46
20150630,"1,120.03","1,119.07","1,121.80","1,114.20",-0.01
20150629,"1,120.16","1,121.94","1,128.60","1,117.40",-0.25
20150626,"1,122.95","1,110.99","1,126.47","1,109.84",0.99
20150625,"1,111.98","1,108.56","1,113.33","1,107.12",0.16
20150624,"1,110.18","1,105.09","1,112.63","1,103.90",0.31
20150623,"1,106.73","1,100.46","1,109.23","1,099.67",0.49
20150622,"1,101.38","1,101.85","1,104.80","1,097.20",-0.16
20150619,"1,103.20","1,104.94","1,108.80","1,099.60",-0.22
20150618,"1,105.58","1,112.78","1,114.90","1,100.33",-0.86
20150617,"1,115.15","1,117.67","1,124.69","1,111.27",-0.32
20150616,"1,118.74","1,115.62","1,120.74","1,114.77",0.19
20150615,"1,116.62","1,111.35","1,119.60","1,110.89",0.4
20150612,"1,112.17","1,112.40","1,118.32","1,108.19",-0.11
20150611,"1,113.44","1,109.72","1,116.19","1,104.90",0.23
20150610,"1,110.86","1,120.45","1,123.20","1,107.00",-0.94
20150609,"1,121.45","1,117.87","1,123.25","1,116.75",0.23
20150608,"1,118.87","1,123.95","1,126.95","1,117.12",-0.5
20150605,"1,124.54","1,112.70","1,124.80","1,109.75",0.98
20150604,"1,113.65","1,106.43","1,114.70","1,105.82",0.55
20150603,"1,107.51","1,106.60","1,110.80","1,102.90",-0.01
20150602,"1,107.58","1,115.15","1,117.80","1,105.87",-0.77
20150601,"1,116.20","1,112.35","1,117.31","1,108.40",0.29
20150529,"1,113.01","1,107.68","1,115.64","1,105.89",0.39
20150528,"1,108.68","1,108.43","1,111.62","1,103.49",-0.07
20150527,"1,109.43","1,106.75","1,112.21","1,103.19",0.14
20150526,"1,107.92","1,096.02","1,108.35","1,095.69",1
20150525,"1,096.96","1,096.55","1,098.31","1,095.39",0.03
20150522,"1,096.68","1,092.32","1,096.75","1,087.90",0.31
20150521,"1,093.32","1,095.16","1,097.92","1,091.48",-0.27
20150520,"1,096.28","1,094.39","1,099.15","1,092.67",0.08
20150519,"1,095.37","1,089.45","1,096.15","1,087.15",0.45
20150518,"1,090.45","1,083.10","1,091.35","1,082.60",0.62
20150515,"1,083.72","1,088.16","1,095.80","1,082.46",-0.45
20150514,"1,088.61","1,091.97","1,098.30","1,087.40",-0.4
20150513,"1,092.97","1,092.22","1,101.20","1,088.88",-0.02
20150512,"1,093.24","1,096.14","1,098.80","1,091.22",-0.36
20150511,"1,097.14","1,087.40","1,097.90","1,083.80",0.84
20150508,"1,087.99","1,093.11","1,095.00","1,086.01",-0.55
20150507,"1,094.01","1,079.20","1,097.20","1,077.68",1.26
20150506,"1,080.35","1,080.40","1,083.60","1,076.80",-0.09
20150505,"1,081.34","1,080.82","1,084.63","1,079.72",-0.05
20150504,"1,081.83","1,080.25","1,083.40","1,078.19",0.04
20150501,"1,081.35","1,076.34","1,083.03","1,074.98",0.37
20150430,"1,077.34","1,068.94","1,078.85","1,066.80",0.66
20150429,"1,070.32","1,063.37","1,073.57","1,063.01",0.56
20150428,"1,064.38","1,068.01","1,072.80","1,062.70",-0.43
20150427,"1,069.01","1,076.60","1,077.86","1,067.36",-0.69
20150424,"1,076.39","1,079.97","1,082.35","1,074.10",-0.42
20150423,"1,080.97","1,083.00","1,085.80","1,078.62",-0.29
20150422,"1,084.07","1,082.33","1,085.80","1,075.00",0.1
20150421,"1,083.02","1,082.26","1,086.50","1,080.50",-0.02
20150420,"1,083.25","1,082.11","1,085.40","1,076.67",-0.05
20150417,"1,083.79","1,083.57","1,087.70","1,077.84",-0.06
20150416,"1,084.45","1,091.39","1,096.28","1,080.72",-0.72
20150415,"1,092.34","1,091.06","1,099.50","1,090.57",0.03
20150414,"1,092.06","1,100.61","1,102.78","1,090.14",-0.87
20150413,"1,101.64","1,093.26","1,103.89","1,091.90",0.7
20150410,"1,093.96","1,095.74","1,098.00","1,091.64",-0.25
20150409,"1,096.74","1,091.98","1,097.15","1,088.95",0.35
20150408,"1,092.93","1,094.57","1,096.90","1,088.18",-0.24
20150407,"1,095.57","1,084.82","1,095.91","1,084.60",0.87
20150406,"1,086.13","1,084.89","1,089.90","1,082.70",-0.03
20150403,"1,086.48","1,090.23","1,097.80","1,083.10",-0.44
20150402,"1,091.29","1,097.30","1,101.60","1,088.36",-0.64
20150401,"1,098.30","1,107.99","1,109.50","1,095.77",-0.96
20150331,"1,108.99","1,105.31","1,113.40","1,104.88",0.14
20150330,"1,107.49","1,103.25","1,108.38","1,102.05",0.34
20150327,"1,103.73","1,104.05","1,107.55","1,101.75",-0.12
20150326,"1,105.07","1,100.90","1,109.20","1,099.35",0.29
20150325,"1,101.90","1,102.69","1,106.78","1,098.35",-0.16
20150324,"1,103.69","1,105.62","1,109.60","1,099.73",-0.27
20150323,"1,106.73","1,112.50","1,120.00","1,104.46",-0.61
20150320,"1,113.51","1,121.07","1,128.15","1,110.61",-0.76
20150319,"1,122.03","1,110.83","1,124.36","1,109.59",0.93
20150318,"1,111.66","1,128.15","1,130.95","1,110.32",-1.56
20150317,"1,129.30","1,130.71","1,133.50","1,124.53",-0.23
20150316,"1,131.91","1,137.35","1,139.11","1,127.83",-0.55
20150313,"1,138.12","1,124.97","1,139.01","1,120.38",1.11
20150312,"1,125.64","1,131.08","1,136.80","1,118.25",-0.57
20150311,"1,132.08","1,126.50","1,133.27","1,122.90",0.41
20150310,"1,127.41","1,114.05","1,127.41","1,114.00",1.11
20150309,"1,115.00","1,110.41","1,117.09","1,107.40",0.38
20150306,"1,110.81","1,101.33","1,112.84","1,096.71",0.77
20150305,"1,102.35","1,100.52","1,103.35","1,098.63",0.08
20150304,"1,101.52","1,095.83","1,102.60","1,093.87",0.43
20150303,"1,096.83","1,102.05","1,105.10","1,094.35",-0.56
20150302,"1,103.05","1,101.05","1,106.70","1,099.10",0.16
20150227,"1,101.28","1,101.65","1,102.86","1,096.76",-0.12
20150226,"1,102.65","1,099.71","1,103.19","1,092.87",0.18
20150225,"1,100.71","1,104.83","1,106.70","1,096.49",-0.46
20150224,"1,105.83","1,107.40","1,116.48","1,104.37",-0.23
20150223,"1,108.40","1,107.95","1,112.30","1,106.65",-0.19
20150220,"1,110.56","1,110.82","1,112.84","1,108.77",-0.11
20150219,"1,111.82","1,107.62","1,113.70","1,107.27",0.29
20150218,"1,108.62","1,107.87","1,114.97","1,106.93",-0.02
20150217,"1,108.87","1,100.77","1,109.20","1,096.90",0.64
20150216,"1,101.77","1,096.67","1,104.20","1,093.06",0.35
20150213,"1,097.88","1,100.56","1,102.21","1,094.80",-0.33
20150212,"1,101.56","1,107.25","1,112.32","1,100.47",-0.6
20150211,"1,108.25","1,098.30","1,110.15","1,095.21",0.81
20150210,"1,099.30","1,094.23","1,100.76","1,087.54",0.37
20150209,"1,095.23","1,096.75","1,100.40","1,093.81",-0.25
20150206,"1,098.01","1,085.54","1,098.64","1,084.31",1.06
20150205,"1,086.54","1,087.09","1,093.30","1,084.65",-0.14
20150204,"1,088.09","1,092.04","1,093.90","1,083.11",-0.45
20150203,"1,093.04","1,098.45","1,101.85","1,090.96",-0.58
20150202,"1,099.45","1,100.90","1,104.80","1,096.61",-0.27
20150130,"1,102.40","1,098.96","1,106.30","1,091.67",0.22
20150129,"1,099.96","1,084.87","1,100.77","1,084.40",1.3
20150128,"1,085.87","1,077.01","1,088.70","1,076.60",0.73
20150127,"1,078.01","1,079.70","1,085.30","1,074.50",-0.25
20150126,"1,080.70","1,077.28","1,084.08","1,076.45",0.3
20150123,"1,077.51","1,084.24","1,088.10","1,075.08",-0.71
20150122,"1,085.24","1,081.30","1,089.40","1,080.91",0.27
20150121,"1,082.30","1,087.02","1,092.10","1,080.00",-0.53
20150120,"1,088.02","1,078.40","1,089.81","1,078.15",0.8
20150119,"1,079.40","1,078.30","1,084.80","1,075.84",0.03
20150116,"1,079.07","1,074.87","1,081.60","1,072.81",0.31
20150115,"1,075.69","1,081.85","1,087.70","1,073.38",-0.66
20150114,"1,082.85","1,077.78","1,086.32","1,075.76",0.38
20150113,"1,078.78","1,081.72","1,086.60","1,076.42",-0.36
20150112,"1,082.72","1,084.11","1,088.10","1,079.90",-0.29
20150109,"1,085.82","1,094.51","1,097.10","1,084.32",-0.88
20150108,"1,095.51","1,097.74","1,102.00","1,093.89",-0.29
20150107,"1,098.74","1,098.00","1,103.95","1,094.10",-0.02
20150106,"1,099.00","1,108.93","1,110.20","1,095.75",-0.98
20150105,"1,109.93","1,105.90","1,112.60","1,104.16",0.27
20150102,"1,106.92","1,091.73","1,107.27","1,091.03",1.32
20150101,"1,092.45","1,092.90","1,094.28","1,091.45",-0.13
20141231,"1,093.90","1,095.92","1,096.96","1,086.67",-0.28
20141230,"1,096.92","1,099.30","1,101.11","1,093.89",-0.31
20141229,"1,100.30","1,097.60","1,100.88","1,096.30",0.05
20141226,"1,099.80","1,100.85","1,102.90","1,097.00",-0.19
20141225,"1,101.85","1,103.35","1,104.61","1,100.61",-0.23
20141224,"1,104.35","1,105.57","1,107.44","1,100.53",-0.2
20141223,"1,106.57","1,099.12","1,107.77","1,096.46",0.59
20141222,"1,100.12","1,099.01","1,100.90","1,093.46",0
20141219,"1,100.11","1,098.74","1,104.30","1,096.26",0.03
20141218,"1,099.74","1,096.83","1,106.60","1,094.63",0.24
20141217,"1,097.16","1,080.01","1,099.50","1,079.91",1.49
20141216,"1,081.01","1,096.77","1,099.80","1,078.20",-1.53
20141215,"1,097.77","1,102.80","1,106.40","1,096.70",-0.6
20141212,"1,104.35","1,101.85","1,107.00","1,099.96",0.14
20141211,"1,102.85","1,100.62","1,104.11","1,095.30",0.11
20141210,"1,101.62","1,103.93","1,109.40","1,099.00",-0.3
20141209,"1,104.93","1,111.06","1,115.70","1,101.15",-0.64
20141208,"1,112.06","1,121.15","1,122.50","1,109.82",-0.85
20141205,"1,121.60","1,111.39","1,122.11","1,109.80",0.83
20141204,"1,112.36","1,115.08","1,118.80","1,109.94",-0.34
20141203,"1,116.11","1,114.32","1,118.80","1,110.20",0.07
20141202,"1,115.32","1,108.90","1,116.48","1,103.50",0.47
20141201,"1,110.09","1,112.29","1,120.63","1,105.31",-0.28
20141128,"1,113.17","1,099.37","1,113.27","1,098.96",1.17
20141127,"1,100.32","1,102.77","1,104.60","1,095.96",-0.31
20141126,"1,103.74","1,109.16","1,110.60","1,102.59",-0.58
20141125,"1,110.22","1,112.97","1,117.10","1,108.00",-0.34
20141124,"1,114.02","1,110.19","1,118.15","1,108.40",0.25
20141121,"1,111.25","1,111.13","1,116.40","1,106.40",-0.06
20141120,"1,111.91","1,112.80","1,118.15","1,109.40",-0.17
20141119,"1,113.80","1,099.98","1,114.25","1,098.90",1.18
20141118,"1,100.85","1,100.08","1,102.50","1,094.85",-0.01
20141117,"1,100.93","1,099.40","1,104.87","1,091.90",0.01
20141114,"1,100.84","1,095.67","1,105.71","1,095.28",0.38
20141113,"1,096.68","1,094.55","1,100.30","1,091.26",0.09
20141112,"1,095.66","1,093.78","1,103.50","1,090.92",0.09
20141111,"1,094.72","1,089.50","1,099.37","1,086.85",0.41
20141110,"1,090.29","1,089.50","1,090.58","1,083.25",0.32
20141107,"1,086.84","1,090.00","1,095.52","1,085.00",-0.38
20141106,"1,091.00","1,088.02","1,091.94","1,083.02",0.04
20141105,"1,090.54","1,078.20","1,093.68","1,077.90",1.15
20141104,"1,078.09","1,082.18","1,083.84","1,075.41",-0.47
20141103,"1,083.15","1,082.24","1,083.81","1,071.60",0.89
20141031,"1,073.60","1,053.66","1,075.10","1,052.70",1.79
20141030,"1,054.67","1,052.68","1,059.84","1,052.25",0.05
20141029,"1,054.19","1,046.87","1,055.48","1,043.70",0.59
20141028,"1,048.03","1,050.75","1,052.58","1,046.50",-0.29
20141027,"1,051.03","1,055.70","1,057.55","1,049.61",-0.61
20141024,"1,057.50","1,059.50","1,062.80","1,054.58",-0.28
20141023,"1,060.50","1,052.73","1,060.90","1,051.75",0.64
20141022,"1,053.74","1,054.30","1,056.40","1,049.92",-0.15
20141021,"1,055.30","1,055.25","1,057.40","1,051.90",-0.09
20141020,"1,056.20","1,062.67","1,064.50","1,055.20",-0.67
20141017,"1,063.37","1,060.02","1,067.50","1,060.00",0.22
20141016,"1,061.07","1,059.60","1,067.81","1,056.80",0.01
20141015,"1,060.97","1,064.58","1,069.90","1,057.13",-0.45
20141014,"1,065.78","1,065.74","1,068.82","1,061.10",-0.12
20141013,"1,067.10","1,073.10","1,074.90","1,065.15",-0.65
20141010,"1,074.10","1,062.60","1,076.07","1,062.60",0.99
20141009,"1,063.60","1,074.40","1,075.65","1,062.32",-1.1
20141008,"1,075.40","1,066.00","1,077.05","1,066.00",0.54
20141007,"1,069.65","1,063.70","1,070.55","1,062.50",0.07
20141006,"1,068.90","1,074.80","1,074.95","1,067.70",0.71
20141003,"1,061.35","1,061.10","1,061.35","1,061.10",0
20141002,"1,061.35","1,060.80","1,064.05","1,057.10",-0.15
20141001,"1,062.95","1,056.80","1,064.65","1,056.80",0.76
20140930,"1,054.95","1,055.50","1,057.40","1,051.40",0.15
20140929,"1,053.40","1,047.90","1,054.45","1,047.80",0.87
20140926,"1,044.35","1,043.10","1,044.65","1,040.90",0.07
20140925,"1,043.65","1,040.10","1,044.65","1,040.10",0.35
20140924,"1,040.02","1,040.20","1,041.75","1,038.00",-0.01
20140923,"1,040.15","1,042.90","1,045.15","1,037.90",-0.08
20140922,"1,041.00","1,040.80","1,043.60","1,038.10",-0.31
20140919,"1,044.20","1,043.40","1,048.45","1,041.50",0.02
20140918,"1,043.95","1,042.80","1,043.95","1,039.40",0.87
20140917,"1,034.90","1,031.90","1,035.50","1,031.90",-0.13
20140916,"1,036.20","1,037.80","1,038.05","1,031.90",-0.22
20140915,"1,038.50","1,038.30","1,041.60","1,036.30",0.31
20140912,"1,035.30","1,035.80","1,041.20","1,034.40",-0.06
20140911,"1,035.97","1,031.90","1,036.59","1,031.60",0.15
20140910,"1,034.40","1,034.30","1,034.75","1,033.80",-0.03
20140909,"1,034.72","1,034.15","1,034.72","1,033.75",1.02
20140908,"1,024.25","1,024.00","1,027.35","1,024.00",-0.04
20140905,"1,024.65","1,022.90","1,027.50","1,022.40",0.54
20140904,"1,019.10","1,017.90","1,019.30","1,016.90",-0.08
20140903,"1,019.95","1,018.20","1,022.20","1,015.90",0.13
20140902,"1,018.60","1,012.70","1,018.90","1,011.90",0.55
20140901,"1,013.05","1,013.30","1,015.95","1,012.80",-0.1
20140829,"1,014.10","1,014.90","1,016.85","1,012.80",-0.1
20140828,"1,015.10","1,013.50","1,015.10","1,012.70",0.07
20140827,"1,014.35","1,014.90","1,016.00","1,013.40",-0.23
20140826,"1,016.65","1,017.70","1,019.90","1,016.00",-0.33
20140825,"1,020.05","1,018.80","1,023.20","1,018.80",0.2
20140822,"1,018.00","1,020.90","1,022.30","1,016.90",-0.55
20140821,"1,023.65","1,022.90","1,024.85","1,022.20",0.08
20140820,"1,022.85","1,019.40","1,022.85","1,018.70",0.48
20140819,"1,017.95","1,016.40","1,019.35","1,016.30",0.03
20140818,"1,017.60","1,017.90","1,019.95","1,015.30",-0.35
20140815,"1,021.20","1,020.95","1,021.20","1,020.95",0
20140814,"1,021.20","1,029.40","1,031.45","1,020.40",-0.88
20140813,"1,030.25","1,026.80","1,030.30","1,026.40",0.3
20140812,"1,027.15","1,029.40","1,030.25","1,025.80",-0.32
20140811,"1,030.40","1,030.20","1,033.20","1,028.00",-0.59
20140808,"1,036.55","1,036.40","1,041.25","1,033.90",-0.04
20140807,"1,037.00","1,032.80","1,037.85","1,030.80",0.29
20140806,"1,034.00","1,034.30","1,035.55","1,032.50",0.56
20140805,"1,028.20","1,030.40","1,033.10","1,027.90",-0.5
20140804,"1,033.35","1,031.30","1,034.50","1,029.00",-0.42
20140801,"1,037.75","1,032.30","1,038.25","1,029.90",0.95
20140731,"1,028.00","1,026.40","1,028.00","1,024.30",0.32
20140730,"1,024.75","1,026.40","1,027.55","1,021.40",-0.03
20140729,"1,025.05","1,024.90","1,026.10","1,023.20",-0.12
20140728,"1,026.25","1,026.40","1,027.60","1,023.30",0.02
20140725,"1,026.05","1,030.40","1,032.65","1,025.50",-0.33
20140724,"1,029.45","1,023.80","1,030.40","1,023.80",0.51
20140723,"1,024.20","1,023.10","1,024.40","1,021.80",-0.04
20140722,"1,024.60","1,024.90","1,026.60","1,023.30",-0.24
20140721,"1,027.05","1,028.60","1,029.50","1,025.80",-0.24
20140718,"1,029.50","1,033.80","1,035.20","1,027.90",0.03
20140717,"1,029.20","1,028.30","1,033.65","1,025.50",-0.29
20140716,"1,032.15","1,027.40","1,036.15","1,027.40",0.5
20140715,"1,027.00","1,018.60","1,028.65","1,018.60",0.75
20140714,"1,019.35","1,019.30","1,020.60","1,017.40",0.03
20140711,"1,019.05","1,015.30","1,021.05","1,014.80",0.55
20140710,"1,013.50","1,008.90","1,013.90","1,008.90",0.12
20140709,"1,012.25","1,012.00","1,013.05","1,011.50",0.03
20140708,"1,011.90","1,010.90","1,012.40","1,010.40",0.04
20140707,"1,011.50","1,007.90","1,011.85","1,007.90",0.2
20140704,"1,009.45","1,008.50","1,010.25","1,008.20",0.02
20140703,"1,009.25","1,008.90","1,011.00","1,008.00",-0.03
20140702,"1,009.60","1,010.25","1,011.20","1,008.80",-0.13
20140701,"1,010.88","1,011.40","1,013.02","1,010.25",-0.11
20140630,"1,012.00","1,012.90","1,014.10","1,010.60",-0.21
20140627,"1,014.12","1,015.60","1,016.77","1,013.00",-0.25
20140626,"1,016.70","1,017.70","1,018.40","1,015.90",-0.32
20140625,"1,019.95","1,018.40","1,021.70","1,018.40",0.09
20140624,"1,019.00","1,017.90","1,019.80","1,017.10",0
20140623,"1,019.00","1,018.90","1,020.50","1,017.20",-0.22
20140620,"1,021.21","1,018.80","1,021.35","1,018.40",0.22
20140619,"1,018.92","1,016.90","1,019.40","1,016.90",-0.41
20140618,"1,023.12","1,022.70","1,024.38","1,021.85",0.11
20140617,"1,022.00","1,020.90","1,023.15","1,020.40",0.15
20140616,"1,020.50","1,018.00","1,020.70","1,018.00",0.24
20140613,"1,018.05","1,017.10","1,018.95","1,017.05",0.03
20140612,"1,017.70","1,016.90","1,018.70","1,015.80",0.19
20140611,"1,015.80","1,015.90","1,017.30","1,015.40",-0.14
20140610,"1,017.20","1,015.90","1,018.05","1,015.30",0.04
20140609,"1,016.75","1,019.40","1,020.10","1,015.60",-0.31
20140606,"1,019.95","1,019.70","1,019.95","1,019.70",-0.05
20140605,"1,020.50","1,024.80","1,026.00","1,019.70",-0.29
20140604,"1,023.50","1,023.00","1,023.50","1,023.00",0
20140603,"1,023.50","1,024.30","1,026.20","1,022.80",-0.1
20140602,"1,024.50","1,020.70","1,025.50","1,020.50",0.36
20140530,"1,020.80","1,018.70","1,022.00","1,017.90",-0.01
20140529,"1,020.90","1,021.00","1,023.10","1,020.00",-0.13
20140528,"1,022.25","1,023.60","1,024.55","1,020.80",-0.17
20140527,"1,024.00","1,023.30","1,025.00","1,022.60",-0.03
20140526,"1,024.30","1,023.90","1,025.05","1,023.30",-0.05
20140523,"1,024.85","1,023.80","1,025.70","1,023.00",0.01
20140522,"1,024.75","1,026.20","1,026.95","1,023.80",-0.23
20140521,"1,027.10","1,024.50","1,028.70","1,024.20",0.16
20140520,"1,025.50","1,021.40","1,028.20","1,021.30",0.29
20140519,"1,022.50","1,022.90","1,025.00","1,021.40",-0.13
20140516,"1,023.82","1,026.90","1,027.70","1,023.42",-0.12
20140515,"1,025.05","1,026.90","1,028.45","1,024.80",-0.28
20140514,"1,027.90","1,021.80","1,028.60","1,021.10",0.53
20140513,"1,022.50","1,022.90","1,024.10","1,021.50",-0.2
20140512,"1,024.58","1,025.90","1,026.30","1,023.50",0.04
20140509,"1,024.20","1,022.20","1,024.95","1,020.60",0.15
20140508,"1,022.70","1,022.80","1,025.20","1,021.70",0.01
20140507,"1,022.55","1,025.90","1,027.35","1,022.40",-0.73
20140506,"1,030.12","1,029.50","1,030.12","1,029.50",0
20140505,"1,030.12","1,029.50","1,030.12","1,029.50",0
20140502,"1,030.12","1,030.60","1,033.12","1,029.50",-0.33
20140501,"1,033.50","1,032.75","1,033.50","1,032.75",0
20140430,"1,033.50","1,030.40","1,034.35","1,029.90",0.31
20140429,"1,030.28","1,031.90","1,033.55","1,029.83",-0.47
20140428,"1,035.15","1,038.60","1,040.15","1,034.80",-0.58
20140425,"1,041.20","1,037.50","1,041.55","1,036.80",0.14
20140424,"1,039.75","1,038.90","1,039.75","1,036.30",0.01
20140423,"1,039.60","1,038.40","1,041.35","1,037.90",0.16
20140422,"1,037.90","1,038.50","1,042.25","1,036.90",-0.11
20140421,"1,039.01","1,037.40","1,039.55","1,036.60",0.1
20140418,"1,038.00","1,038.40","1,039.55","1,035.70",-0.05
20140417,"1,038.50","1,034.90","1,039.80","1,034.00",-0.01
20140416,"1,038.60","1,040.80","1,044.90","1,037.00",-0.26
20140415,"1,041.30","1,038.90","1,044.20","1,038.90",0.15
20140414,"1,039.69","1,038.90","1,040.70","1,037.00",0.39
20140411,"1,035.65","1,039.40","1,042.95","1,033.30",-0.43
20140410,"1,040.15","1,036.10","1,041.05","1,031.20",-0.13
20140409,"1,041.50","1,046.30","1,046.65","1,039.90",-1.03
20140408,"1,052.35","1,054.90","1,055.25","1,051.90",-0.31
20140407,"1,055.57","1,050.90","1,056.30","1,050.90",0.12
20140404,"1,054.30","1,057.30","1,058.65","1,053.00",-0.35
20140403,"1,058.00","1,057.40","1,059.80","1,056.90",0.03
20140402,"1,057.65","1,056.40","1,058.25","1,055.30",-0.08
20140401,"1,058.50","1,061.30","1,062.80","1,058.00",-0.6
20140331,"1,064.90","1,066.10","1,067.55","1,063.90",-0.48
20140328,"1,070.00","1,066.90","1,070.90","1,066.90",-0.18
20140327,"1,071.90","1,074.50","1,076.15","1,070.60",-0.3
20140326,"1,075.10","1,074.80","1,076.80","1,073.40",-0.41
20140325,"1,079.50","1,076.80","1,080.70","1,075.80",0.16
20140324,"1,077.80","1,079.00","1,082.10","1,077.50",-0.2
20140321,"1,080.00","1,077.70","1,083.20","1,077.50",0.26
20140320,"1,077.23","1,075.60","1,077.85","1,073.50",0.61
20140319,"1,070.68","1,068.90","1,072.70","1,067.90",0.11
20140318,"1,069.50","1,067.00","1,070.20","1,065.60",0.16
20140317,"1,067.75","1,071.50","1,074.05","1,067.00",-0.32
20140314,"1,071.23","1,068.00","1,073.70","1,068.00",0.11
20140313,"1,070.00","1,066.50","1,070.50","1,066.00",-0.06
20140312,"1,070.65","1,069.30","1,070.95","1,067.00",0.48
20140311,"1,065.58","1,066.50","1,067.15","1,062.80",-0.16
20140310,"1,067.30","1,063.90","1,067.60","1,063.80",0.2
20140307,"1,065.15","1,062.40","1,065.30","1,059.90",0.06
20140306,"1,064.55","1,070.80","1,073.25","1,063.60",-0.63
20140305,"1,071.30","1,067.70","1,072.65","1,067.30",-0.01
20140304,"1,071.45","1,070.90","1,073.55","1,069.70",0.12
20140303,"1,070.18","1,072.40","1,075.38","1,068.70",0.35
20140228,"1,066.46","1,064.20","1,068.95","1,063.30",-0.31
20140227,"1,069.80","1,068.90","1,072.35","1,065.10",0.36
20140226,"1,065.97","1,073.20","1,074.75","1,064.10",-0.75
20140225,"1,074.00","1,068.90","1,074.00","1,068.40",-0.05
20140224,"1,074.50","1,074.90","1,078.80","1,073.90",0.14
20140221,"1,073.00","1,072.90","1,076.70","1,071.00",0.07
20140220,"1,072.20","1,065.50","1,073.80","1,065.50",0.61
20140219,"1,065.70","1,063.90","1,069.55","1,063.90",0.02
20140218,"1,065.50","1,059.10","1,066.70","1,059.10",0.48
20140217,"1,060.45","1,057.90","1,062.25","1,057.90",-0.29
20140214,"1,063.50","1,062.00","1,064.10","1,059.90",-0.26
20140213,"1,066.25","1,060.90","1,066.90","1,060.60",0.34
20140212,"1,062.59","1,064.80","1,068.05","1,061.50",-0.78
20140211,"1,070.90","1,072.90","1,073.50","1,070.30",-0.18
20140210,"1,072.80","1,073.90","1,074.80","1,069.80",-0.2
20140207,"1,075.00","1,074.40","1,077.40","1,072.80",-0.38
20140206,"1,079.05","1,075.90","1,079.55","1,073.40",0.1
20140205,"1,078.00","1,075.90","1,083.00","1,074.90",-0.55
20140204,"1,084.00","1,086.90","1,090.10","1,081.30",-0.07
20140203,"1,084.75","1,079.90","1,085.60","1,077.90",0.32
20140131,"1,081.31","1,080.11","1,081.31","1,080.11",0.07
20140130,"1,080.50","1,080.61","1,081.11","1,079.86",0.98
20140129,"1,070.05","1,072.80","1,074.05","1,067.80",-0.88
20140128,"1,079.59","1,078.90","1,081.45","1,077.30",-0.39
20140127,"1,083.80","1,084.90","1,087.50","1,081.40",0.32
20140124,"1,080.35","1,074.90","1,080.55","1,073.60",0.63
20140123,"1,073.55","1,067.30","1,074.55","1,067.30",0.56
20140122,"1,067.55","1,069.00","1,070.25","1,066.40",0.21
20140121,"1,065.30","1,063.40","1,065.55","1,062.60",0.14
20140120,"1,063.77","1,061.80","1,065.65","1,061.80",0.19
20140117,"1,061.80","1,060.90","1,063.00","1,059.30",-0.16
20140116,"1,063.50","1,064.70","1,065.90","1,062.50",-0.01
20140115,"1,063.60","1,061.90","1,064.60","1,060.30",0.4
20140114,"1,059.40","1,056.60","1,060.00","1,056.30",0.23
20140113,"1,057.00","1,055.90","1,058.20","1,055.40",-0.45
20140110,"1,061.77","1,062.90","1,065.55","1,060.40",-0.12
20140109,"1,063.00","1,068.90","1,070.20","1,061.30",-0.25
20140108,"1,065.70","1,068.40","1,070.35","1,063.70",-0.36
20140107,"1,069.50","1,064.70","1,071.80","1,062.90",0.38
20140106,"1,065.46","1,055.40","1,068.05","1,054.60",0.94
20140103,"1,055.50","1,051.90","1,057.40","1,051.40",0.47
20140102,"1,050.55","1,050.90","1,052.45","1,048.20",0
20140101,"1,050.50","1,049.50","1,050.50","1,049.50",0
,,,,,
,"최고:1,246.10","최저:1,007.90",차이:238.20,"평균:1,119.60",변동 %:7.91