시도별,품목,년도,가중치
서울특별시,무,2013,0.000537393
부산광역시,무,2013,0.003813691
대구광역시,무,2013,0.003965519
인천광역시,무,2013,0.010681929
광주광역시,무,2013,0.015298712
대전광역시,무,2013,0.002149571
울산광역시,무,2013,0.006209983
경기도,무,2013,0.129426748
강원도,무,2013,0.108287635
충청북도,무,2013,0.047065816
충청남도,무,2013,0.124182674
전라북도,무,2013,0.254882982
전라남도,무,2013,0.140992678
경상북도,무,2013,0.073611819
경상남도,무,2013,0.037079101
제주도,무,2013,0.041815748
서울특별시,무,2014,0.000536635
부산광역시,무,2014,0.000697009
대구광역시,무,2014,0.004534415
인천광역시,무,2014,0.00759848
광주광역시,무,2014,0.007812825
대전광역시,무,2014,0.00132
울산광역시,무,2014,0.003933784
경기도,무,2014,0.116974949
강원도,무,2014,0.089495516
충청북도,무,2014,0.027573498
충청남도,무,2014,0.10366084
전라북도,무,2014,0.137769571
전라남도,무,2014,0.084210121
경상북도,무,2014,0.053392908
경상남도,무,2014,0.018073664
제주도,무,2014,0.342415013
서울특별시,무,2015,0.000302563
부산광역시,무,2015,0.002894358
대구광역시,무,2015,0.001459986
인천광역시,무,2015,0.00852459
광주광역시,무,2015,0.013244731
대전광역시,무,2015,0.002911167
울산광역시,무,2015,0.00579512
경기도,무,2015,0.1235137
강원도,무,2015,0.083204797
충청북도,무,2015,0.025216777
충청남도,무,2015,0.132910759
전라북도,무,2015,0.115579028
전라남도,무,2015,0.096295846
경상북도,무,2015,0.053700913
경상남도,무,2015,0.02793424
제주도,무,2015,0.306512226
서울특별시,무,2016,0.000154126
부산광역시,무,2016,0.001534339
대구광역시,무,2016,0.002946169
인천광역시,무,2016,0.007400989
광주광역시,무,2016,0.012252979
대전광역시,무,2016,0.001193485
울산광역시,무,2016,0.001879146
경기도,무,2016,0.097362873
강원도,무,2016,0.121726562
충청북도,무,2016,0.035445907
충청남도,무,2016,0.113019457
전라북도,무,2016,0.124975053
전라남도,무,2016,0.111275665
경상북도,무,2016,0.063833655
경상남도,무,2016,0.023921072
제주도,무,2016,0.278076039
서울특별시,당근,2013,0
부산광역시,당근,2013,0.036503759
대구광역시,당근,2013,0
인천광역시,당근,2013,0
광주광역시,당근,2013,0
대전광역시,당근,2013,0
울산광역시,당근,2013,0
경기도,당근,2013,0.002982456
강원도,당근,2013,0.038120301
충청북도,당근,2013,0.01197995
충청남도,당근,2013,0.011729323
전라북도,당근,2013,0.010426065
전라남도,당근,2013,0.01216792
경상북도,당근,2013,0.089185464
경상남도,당근,2013,0.181478697
제주도,당근,2013,0.605426065
서울특별시,당근,2014,0
부산광역시,당근,2014,0.022336646
대구광역시,당근,2014,0
인천광역시,당근,2014,0.00086418
광주광역시,당근,2014,0
대전광역시,당근,2014,0
울산광역시,당근,2014,0
경기도,당근,2014,0.01004609
강원도,당근,2014,0.030270296
충청북도,당근,2014,0.012794661
충청남도,당근,2014,0.014739066
전라북도,당근,2014,0.002184454
전라남도,당근,2014,0.019516059
경상북도,당근,2014,0.107050266
경상남도,당근,2014,0.090222766
제주도,당근,2014,0.689975515
서울특별시,당근,2015,0
부산광역시,당근,2015,0.018103783
대구광역시,당근,2015,0
인천광역시,당근,2015,0.000345717
광주광역시,당근,2015,0
대전광역시,당근,2015,0
울산광역시,당근,2015,0
경기도,당근,2015,0.007454003
강원도,당근,2015,0.023534074
충청북도,당근,2015,0.00962106
충청남도,당근,2015,0.006509604
전라북도,당근,2015,0.004098015
전라남도,당근,2015,0.00898865
경상북도,당근,2015,0.061301584
경상남도,당근,2015,0.330387709
제주도,당근,2015,0.5296558
서울특별시,당근,2016,0
부산광역시,당근,2016,0
대구광역시,당근,2016,0
인천광역시,당근,2016,0
광주광역시,당근,2016,0
대전광역시,당근,2016,0
울산광역시,당근,2016,0
경기도,당근,2016,0.005201133
강원도,당근,2016,0.104570154
충청북도,당근,2016,0.013208141
충청남도,당근,2016,0.004297779
전라북도,당근,2016,0.008007008
전라남도,당근,2016,0.005557
경상북도,당근,2016,0.081000808
경상남도,당근,2016,0.377027415
제주도,당근,2016,0.401130562
서울특별시,배추,2013,0.000422092
부산광역시,배추,2013,0.008397972
대구광역시,배추,2013,0.005408431
인천광역시,배추,2013,0.009574169
광주광역시,배추,2013,0.009950514
대전광역시,배추,2013,0.00401718
울산광역시,배추,2013,0.008942682
경기도,배추,2013,0.116998123
강원도,배추,2013,0.154374213
충청북도,배추,2013,0.093077085
충청남도,배추,2013,0.097812057
전라북도,배추,2013,0.089836648
전라남도,배추,2013,0.19729503
경상북도,배추,2013,0.12305549
경상남도,배추,2013,0.062075285
제주도,배추,2013,0.01876256
서울특별시,배추,2014,0.000405309
부산광역시,배추,2014,0.004810927
대구광역시,배추,2014,0.004177952
인천광역시,배추,2014,0.008272399
광주광역시,배추,2014,0.006923733
대전광역시,배추,2014,0.002753659
울산광역시,배추,2014,0.005233173
경기도,배추,2014,0.091065714
강원도,배추,2014,0.115681242
충청북도,배추,2014,0.076961829
충청남도,배추,2014,0.091266596
전라북도,배추,2014,0.094943525
전라남도,배추,2014,0.325607648
경상북도,배추,2014,0.101226798
경상남도,배추,2014,0.048642589
제주도,배추,2014,0.022027695
서울특별시,배추,2015,0.000373333
부산광역시,배추,2015,0.006519489
대구광역시,배추,2015,0.00560242
인천광역시,배추,2015,0.012028212
광주광역시,배추,2015,0.005020332
대전광역시,배추,2015,0.003451266
울산광역시,배추,2015,0.006154409
경기도,배추,2015,0.094691585
강원도,배추,2015,0.127640031
충청북도,배추,2015,0.084118837
충청남도,배추,2015,0.08545099
전라북도,배추,2015,0.10252041
전라남도,배추,2015,0.316923193
경상북도,배추,2015,0.09989203
경상남도,배추,2015,0.043321177
제주도,배추,2015,0.006293742
서울특별시,배추,2016,0.000169535
부산광역시,배추,2016,0.002702926
대구광역시,배추,2016,0.003178079
인천광역시,배추,2016,0.007131258
광주광역시,배추,2016,0.004934669
대전광역시,배추,2016,0.00226066
울산광역시,배추,2016,0.003514315
경기도,배추,2016,0.08555298
강원도,배추,2016,0.13912048
충청북도,배추,2016,0.084585098
충청남도,배추,2016,0.083278712
전라북도,배추,2016,0.087517662
전라남도,배추,2016,0.332114077
경상북도,배추,2016,0.109657618
경상남도,배추,2016,0.037610198
제주도,배추,2016,0.013766951
서울특별시,시금치,2013,0.000987752
부산광역시,시금치,2013,0.009339743
대구광역시,시금치,2013,0.009888494
인천광역시,시금치,2013,0.014969928
광주광역시,시금치,2013,0.004126608
대전광역시,시금치,2013,0.000340226
울산광역시,시금치,2013,0.00550946
경기도,시금치,2013,0.295612187
강원도,시금치,2013,0.010217744
충청북도,시금치,2013,0.020764739
충청남도,시금치,2013,0.049321744
전라북도,시금치,2013,0.023991396
전라남도,시금치,2013,0.155801396
경상북도,시금치,2013,0.104954124
경상남도,시금치,2013,0.280016682
제주도,시금치,2013,0.014157777
서울특별시,시금치,2014,0.002352382
부산광역시,시금치,2014,0.012213378
대구광역시,시금치,2014,0.010740169
인천광역시,시금치,2014,0.013151954
광주광역시,시금치,2014,0.00364738
대전광역시,시금치,2014,0.000807889
울산광역시,시금치,2014,0.003742426
경기도,시금치,2014,0.325602946
강원도,시금치,2014,0.01456576
충청북도,시금치,2014,0.024854461
충청남도,시금치,2014,0.044671498
전라북도,시금치,2014,0.013460853
전라남도,시금치,2014,0.128086016
경상북도,시금치,2014,0.111690626
경상남도,시금치,2014,0.274373292
제주도,시금치,2014,0.016038969
서울특별시,시금치,2015,0.004021762
부산광역시,시금치,2015,0.020790276
대구광역시,시금치,2015,0.008423358
인천광역시,시금치,2015,0.014891692
광주광역시,시금치,2015,0.000782009
대전광역시,시금치,2015,0.000346318
울산광역시,시금치,2015,0.00443511
경기도,시금치,2015,0.373253047
강원도,시금치,2015,0.008669132
충청북도,시금치,2015,0.034922302
충청남도,시금치,2015,0.054282618
전라북도,시금치,2015,0.013260644
전라남도,시금치,2015,0.119211735
경상북도,시금치,2015,0.099326355
경상남도,시금치,2015,0.23564175
제주도,시금치,2015,0.007741892
서울특별시,시금치,2016,0.002071558
부산광역시,시금치,2016,0.014775284
대구광역시,시금치,2016,0.021154585
인천광역시,시금치,2016,0.006557647
광주광역시,시금치,2016,0.001399331
대전광역시,시금치,2016,0.000219503
울산광역시,시금치,2016,0.000521319
경기도,시금치,2016,0.365636833
강원도,시금치,2016,0.005981452
충청북도,시금치,2016,0.032788235
충청남도,시금치,2016,0.055657685
전라북도,시금치,2016,0.013910992
전라남도,시금치,2016,0.120877463
경상북도,시금치,2016,0.091587554
경상남도,시금치,2016,0.257696318
제주도,시금치,2016,0.006050047
서울특별시,상추,2013,0.000579296
부산광역시,상추,2013,0.044150658
대구광역시,상추,2013,0.008254973
인천광역시,상추,2013,0.029802729
광주광역시,상추,2013,0.002627523
대전광역시,상추,2013,0.004520581
울산광역시,상추,2013,0.003568879
경기도,상추,2013,0.322047399
강원도,상추,2013,0.041564514
충청북도,상추,2013,0.034157796
충청남도,상추,2013,0.129079643
전라북도,상추,2013,0.170478644
전라남도,상추,2013,0.032637143
경상북도,상추,2013,0.121652236
경상남도,상추,2013,0.049798798
제주도,상추,2013,0.005079188
서울특별시,상추,2014,0.000515028
부산광역시,상추,2014,0.096153846
대구광역시,상추,2014,0.010254571
인천광역시,상추,2014,0.02329581
광주광역시,상추,2014,0.003568407
대전광역시,상추,2014,0.004212191
울산광역시,상추,2014,0.002694699
경기도,상추,2014,0.371702903
강원도,상추,2014,0.024095942
충청북도,상추,2014,0.059356951
충청남도,상추,2014,0.096668874
전라북도,상추,2014,0.100421219
전라남도,상추,2014,0.022725601
경상북도,상추,2014,0.114207409
경상남도,상추,2014,0.06372549
제주도,상추,2014,0.006401059
서울특별시,상추,2015,0.000275198
부산광역시,상추,2015,0.134119613
대구광역시,상추,2015,0.015165364
인천광역시,상추,2015,0.029161138
광주광역시,상추,2015,0.004029682
대전광역시,상추,2015,0.006929087
울산광역시,상추,2015,0.001798614
경기도,상추,2015,0.30726817
강원도,상추,2015,0.051186791
충청북도,상추,2015,0.047766475
충청남도,상추,2015,0.089675168
전라북도,상추,2015,0.124281291
전라남도,상추,2015,0.010968598
경상북도,상추,2015,0.082126886
경상남도,상추,2015,0.089439284
제주도,상추,2015,0.005808639
서울특별시,상추,2016,0.00221763
부산광역시,상추,2016,0.050947427
대구광역시,상추,2016,0.012899406
인천광역시,상추,2016,0.003506409
광주광역시,상추,2016,0.003297418
대전광역시,상추,2016,0.005131897
울산광역시,상추,2016,0.002380178
경기도,상추,2016,0.292042077
강원도,상추,2016,0.036039383
충청북도,상추,2016,0.055951607
충청남도,상추,2016,0.125278655
전라북도,상추,2016,0.236078859
전라남도,상추,2016,0.025636262
경상북도,상추,2016,0.074145458
경상남도,상추,2016,0.072496749
제주도,상추,2016,0.001950585
서울특별시,양배추,2013,0
부산광역시,양배추,2013,0.002799167
대구광역시,양배추,2013,0.001968015
인천광역시,양배추,2013,0.000162409
광주광역시,양배추,2013,0
대전광역시,양배추,2013,0
울산광역시,양배추,2013,0
경기도,양배추,2013,0.015193203
강원도,양배추,2013,0.120141264
충청북도,양배추,2013,0.030354561
충청남도,양배추,2013,0.04304157
전라북도,양배추,2013,0.042751782
전라남도,양배추,2013,0.17523613
경상북도,양배추,2013,0.089073377
경상남도,양배추,2013,0.003910554
제주도,양배추,2013,0.475367968
서울특별시,양배추,2014,0
부산광역시,양배추,2014,0.002091092
대구광역시,양배추,2014,0.000574128
인천광역시,양배추,2014,0.000102711
광주광역시,양배추,2014,0
대전광역시,양배추,2014,0
울산광역시,양배추,2014,0
경기도,양배추,2014,0.007990393
강원도,양배추,2014,0.159341701
충청북도,양배추,2014,0.022817654
충청남도,양배추,2014,0.053773182
전라북도,양배추,2014,0.032538332
전라남도,양배추,2014,0.275602703
경상북도,양배추,2014,0.094802294
경상남도,양배추,2014,0.0058914
제주도,양배추,2014,0.344474409
서울특별시,양배추,2015,0
부산광역시,양배추,2015,0.004708204
대구광역시,양배추,2015,0.005600815
인천광역시,양배추,2015,0.000132006
광주광역시,양배추,2015,0
대전광역시,양배추,2015,0
울산광역시,양배추,2015,0.000232582
경기도,양배추,2015,0.018707098
강원도,양배추,2015,0.142242463
충청북도,양배추,2015,0.013653164
충청남도,양배추,2015,0.037096754
전라북도,양배추,2015,0.023434161
전라남도,양배추,2015,0.233851299
경상북도,양배추,2015,0.083851927
경상남도,양배추,2015,0.015850117
제주도,양배추,2015,0.420639411
서울특별시,양배추,2016,0
부산광역시,양배추,2016,0.002223487
대구광역시,양배추,2016,0.011748504
인천광역시,양배추,2016,0
광주광역시,양배추,2016,0
대전광역시,양배추,2016,0
울산광역시,양배추,2016,0
경기도,양배추,2016,0.005543973
강원도,양배추,2016,0.19362915
충청북도,양배추,2016,0.027189058
충청남도,양배추,2016,0.031444352
전라북도,양배추,2016,0.01881707
전라남도,양배추,2016,0.330954536
경상북도,양배추,2016,0.065492603
경상남도,양배추,2016,0.019462883
제주도,양배추,2016,0.293494384
서울특별시,수박,2013,0.00040238
부산광역시,수박,2013,0.012087148
대구광역시,수박,2013,0.014566853
인천광역시,수박,2013,0.004648525
광주광역시,수박,2013,0.008820391
대전광역시,수박,2013,0.004347969
울산광역시,수박,2013,0.00139013
경기도,수박,2013,0.058166081
강원도,수박,2013,0.055493056
충청북도,수박,2013,0.056796611
충청남도,수박,2013,0.216636996
전라북도,수박,2013,0.078192614
전라남도,수박,2013,0.119466595
경상북도,수박,2013,0.197789073
경상남도,수박,2013,0.154523359
제주도,수박,2013,0.016672217
서울특별시,수박,2014,0
부산광역시,수박,2014,0
대구광역시,수박,2014,0.008277975
인천광역시,수박,2014,0.000471696
광주광역시,수박,2014,0.001525733
대전광역시,수박,2014,0
울산광역시,수박,2014,5.10E-05
경기도,수박,2014,0.01278966
강원도,수박,2014,0.009039385
충청북도,수박,2014,0.107187105
충청남도,수박,2014,0.340739253
전라북도,수박,2014,0.153170191
전라남도,수박,2014,0.042671023
경상북도,수박,2014,0.117104369
경상남도,수박,2014,0.181934915
제주도,수박,2014,0.025037743
서울특별시,수박,2015,0
부산광역시,수박,2015,0
대구광역시,수박,2015,0.004732388
인천광역시,수박,2015,0.00049184
광주광역시,수박,2015,0.000977375
대전광역시,수박,2015,0
울산광역시,수박,2015,6.15E-05
경기도,수박,2015,0.012627059
강원도,수박,2015,0.014473037
충청북도,수박,2015,0.107487641
충청남도,수박,2015,0.359688312
전라북도,수박,2015,0.144336268
전라남도,수박,2015,0.041700822
경상북도,수박,2015,0.12463112
경상남도,수박,2015,0.172717986
제주도,수박,2015,0.016074671
서울특별시,수박,2016,0
부산광역시,수박,2016,0
대구광역시,수박,2016,0.009502596
인천광역시,수박,2016,0.001169847
광주광역시,수박,2016,0.003781395
대전광역시,수박,2016,0
울산광역시,수박,2016,7.19E-05
경기도,수박,2016,0.008732636
강원도,수박,2016,0.01552722
충청북도,수박,2016,0.180268697
충청남도,수박,2016,0.264939666
전라북도,수박,2016,0.142405641
전라남도,수박,2016,0.051090922
경상북도,수박,2016,0.102574716
경상남도,수박,2016,0.204151466
제주도,수박,2016,0.009799004
서울특별시,사과,2013,0
부산광역시,사과,2013,0.000149888
대구광역시,사과,2013,0.002400238
인천광역시,사과,2013,0
광주광역시,사과,2013,0
대전광역시,사과,2013,8.70973E-05
울산광역시,사과,2013,9.92504E-05
경기도,사과,2013,0.005639041
강원도,사과,2013,0.005221784
충청북도,사과,2013,0.127966117
충청남도,사과,2013,0.04581518
전라북도,사과,2013,0.061640548
전라남도,사과,2013,0.009092548
경상북도,사과,2013,0.62614619
경상남도,사과,2013,0.115742119
제주도,사과,2013,0
서울특별시,사과,2014,0
부산광역시,사과,2014,5.27E-05
대구광역시,사과,2014,0.002658454
인천광역시,사과,2014,0
광주광역시,사과,2014,0
대전광역시,사과,2014,0.000147458
울산광역시,사과,2014,0.000107434
경기도,사과,2014,0.00478606
강원도,사과,2014,0.004687052
충청북도,사과,2014,0.119371324
충청남도,사과,2014,0.049349922
전라북도,사과,2014,0.060242842
전라남도,사과,2014,0.010654881
경상북도,사과,2014,0.615826017
경상남도,사과,2014,0.132113787
제주도,사과,2014,0
서울특별시,사과,2015,0
부산광역시,사과,2015,4.63E-05
대구광역시,사과,2015,0.002655938
인천광역시,사과,2015,0
광주광역시,사과,2015,0
대전광역시,사과,2015,8.75E-05
울산광역시,사과,2015,0.000137258
경기도,사과,2015,0.004701078
강원도,사과,2015,0.007672709
충청북도,사과,2015,0.118800024
충청남도,사과,2015,0.042138133
전라북도,사과,2015,0.059514965
전라남도,사과,2015,0.009127641
경상북도,사과,2015,0.639324349
경상남도,사과,2015,0.115795795
제주도,사과,2015,0
서울특별시,사과,2016,0
부산광역시,사과,2016,0.000154415
대구광역시,사과,2016,0.002822844
인천광역시,사과,2016,0.000140535
광주광역시,사과,2016,0
대전광역시,사과,2016,0.00055867
울산광역시,사과,2016,0.00059337
경기도,사과,2016,0.003875989
강원도,사과,2016,0.010024828
충청북도,사과,2016,0.121182784
충청남도,사과,2016,0.04671313
전라북도,사과,2016,0.071148865
전라남도,사과,2016,0.016090387
경상북도,사과,2016,0.637976713
경상남도,사과,2016,0.088717471
제주도,사과,2016,0
서울특별시,딸기,2013,0
부산광역시,딸기,2013,0
대구광역시,딸기,2013,0
인천광역시,딸기,2013,0.001102383
광주광역시,딸기,2013,0.019889024
대전광역시,딸기,2013,0
울산광역시,딸기,2013,0
경기도,딸기,2013,0.0163328
강원도,딸기,2013,0.002435391
충청북도,딸기,2013,0.015290379
충청남도,딸기,2013,0.332306287
전라북도,딸기,2013,0.119643178
전라남도,딸기,2013,0.094292976
경상북도,딸기,2013,0.055063814
경상남도,딸기,2013,0.33950176
제주도,딸기,2013,0.004142009
서울특별시,딸기,2014,0
부산광역시,딸기,2014,0
대구광역시,딸기,2014,0
인천광역시,딸기,2014,0.00011434
광주광역시,딸기,2014,0.016136178
대전광역시,딸기,2014,0.002591698
울산광역시,딸기,2014,0
경기도,딸기,2014,0.017465377
강원도,딸기,2014,0.001515
충청북도,딸기,2014,0.018299103
충청남도,딸기,2014,0.37704918
전라북도,딸기,2014,0.104082401
전라남도,딸기,2014,0.075588015
경상북도,딸기,2014,0.066631412
경상남도,딸기,2014,0.315748853
제주도,딸기,2014,0.004778443
서울특별시,딸기,2015,0
부산광역시,딸기,2015,0
대구광역시,딸기,2015,0.000565515
인천광역시,딸기,2015,0.000123385
광주광역시,딸기,2015,0.012220263
대전광역시,딸기,2015,0.000930529
울산광역시,딸기,2015,0
경기도,딸기,2015,0.01796281
강원도,딸기,2015,0.002447137
충청북도,딸기,2015,0.014060757
충청남도,딸기,2015,0.299625218
전라북도,딸기,2015,0.116079645
전라남도,딸기,2015,0.094934529
경상북도,딸기,2015,0.078745379
경상남도,딸기,2015,0.348367461
제주도,딸기,2015,0.013937372
서울특별시,딸기,2016,0
부산광역시,딸기,2016,0
대구광역시,딸기,2016,0.000925645
인천광역시,딸기,2016,0.003446328
광주광역시,딸기,2016,0.006599797
대전광역시,딸기,2016,0
울산광역시,딸기,2016,0.001417231
경기도,딸기,2016,0.022780282
강원도,딸기,2016,0.005323767
충청북도,딸기,2016,0.016138648
충청남도,딸기,2016,0.175182253
전라북도,딸기,2016,0.117227458
전라남도,딸기,2016,0.133847232
경상북도,딸기,2016,0.055413193
경상남도,딸기,2016,0.445094081
제주도,딸기,2016,0.013293728
서울특별시,마늘,2013,7.02572E-05
부산광역시,마늘,2013,0.001678654
대구광역시,마늘,2013,0.007963487
인천광역시,마늘,2013,0.002043374
광주광역시,마늘,2013,0.001048788
대전광역시,마늘,2013,0.00046394
울산광역시,마늘,2013,0.001083834
경기도,마늘,2013,0.017962412
강원도,마늘,2013,0.008583547
충청북도,마늘,2013,0.013683986
충청남도,마늘,2013,0.097828133
전라북도,마늘,2013,0.017423517
전라남도,마늘,2013,0.26504143
경상북도,마늘,2013,0.165540838
경상남도,마늘,2013,0.264620303
제주도,마늘,2013,0.134963503
서울특별시,마늘,2014,0.000101672
부산광역시,마늘,2014,0.001242783
대구광역시,마늘,2014,0.007771628
인천광역시,마늘,2014,0.002233573
광주광역시,마늘,2014,0.001491699
대전광역시,마늘,2014,0.000798559
울산광역시,마늘,2014,0.001562706
경기도,마늘,2014,0.017894315
강원도,마늘,2014,0.007210926
충청북도,마늘,2014,0.012293846
충청남도,마늘,2014,0.098853967
전라북도,마늘,2014,0.024424337
전라남도,마늘,2014,0.272508075
경상북도,마늘,2014,0.169047289
경상남도,마늘,2014,0.255127376
제주도,마늘,2014,0.12743725
서울특별시,마늘,2015,0.000101822
부산광역시,마늘,2015,0.000821494
대구광역시,마늘,2015,0.0067699
인천광역시,마늘,2015,0.002939736
광주광역시,마늘,2015,0.001347288
대전광역시,마늘,2015,0.00079233
울산광역시,마늘,2015,0.002446908
경기도,마늘,2015,0.022737846
강원도,마늘,2015,0.008956476
충청북도,마늘,2015,0.016074846
충청남도,마늘,2015,0.103063248
전라북도,마늘,2015,0.025754976
전라남도,마늘,2015,0.248089259
경상북도,마늘,2015,0.172759117
경상남도,마늘,2015,0.270437804
제주도,마늘,2015,0.116906948
서울특별시,마늘,2016,3.42E-05
부산광역시,마늘,2016,0.001199479
대구광역시,마늘,2016,0.02308582
인천광역시,마늘,2016,0.002944985
광주광역시,마늘,2016,0.001519226
대전광역시,마늘,2016,0.000807324
울산광역시,마늘,2016,0.001460557
경기도,마늘,2016,0.022373587
강원도,마늘,2016,0.005270678
충청북도,마늘,2016,0.017737819
충청남도,마늘,2016,0.113772507
전라북도,마늘,2016,0.03792515
전라남도,마늘,2016,0.215174586
경상북도,마늘,2016,0.199060968
경상남도,마늘,2016,0.253580807
제주도,마늘,2016,0.103114856
서울특별시,양파,2013,0
부산광역시,양파,2013,0.001469108
대구광역시,양파,2013,0.004324672
인천광역시,양파,2013,0.000443113
광주광역시,양파,2013,0.003336069
대전광역시,양파,2013,9.71713E-05
울산광역시,양파,2013,0.001683998
경기도,양파,2013,0.003596059
강원도,양파,2013,0.000826813
충청북도,양파,2013,0.003570794
충청남도,양파,2013,0.014510919
전라북도,양파,2013,0.055751517
전라남도,양파,2013,0.448336492
경상북도,양파,2013,0.136872795
경상남도,양파,2013,0.293118903
제주도,양파,2013,0.032061578
서울특별시,양파,2014,0
부산광역시,양파,2014,0.000731664
대구광역시,양파,2014,0.004595753
인천광역시,양파,2014,0.00084513
광주광역시,양파,2014,0.003460058
대전광역시,양파,2014,0.000166753
울산광역시,양파,2014,0.00220162
경기도,양파,2014,0.005568293
강원도,양파,2014,0.00128498
충청북도,양파,2014,0.002327654
충청남도,양파,2014,0.030182229
전라북도,양파,2014,0.0698008
전라남도,양파,2014,0.480098236
경상북도,양파,2014,0.117712493
경상남도,양파,2014,0.2409745
제주도,양파,2014,0.040049839
서울특별시,양파,2015,0
부산광역시,양파,2015,0.001023227
대구광역시,양파,2015,0.002492635
인천광역시,양파,2015,0.000647402
광주광역시,양파,2015,0.005613088
대전광역시,양파,2015,5.22E-05
울산광역시,양파,2015,0.001700249
경기도,양파,2015,0.007488784
강원도,양파,2015,0.001692585
충청북도,양파,2015,0.003708215
충청남도,양파,2015,0.022431666
전라북도,양파,2015,0.068750444
전라남도,양파,2015,0.496564545
경상북도,양파,2015,0.122880763
경상남도,양파,2015,0.22656351
제주도,양파,2015,0.038390721
서울특별시,양파,2016,0
부산광역시,양파,2016,0.001203854
대구광역시,양파,2016,0.011877019
인천광역시,양파,2016,0.001629314
광주광역시,양파,2016,0.001887189
대전광역시,양파,2016,9.66E-05
울산광역시,양파,2016,0.001089201
경기도,양파,2016,0.01010175
강원도,양파,2016,0.000766819
충청북도,양파,2016,0.002721044
충청남도,양파,2016,0.021871293
전라북도,양파,2016,0.045698617
전라남도,양파,2016,0.438477719
경상북도,양파,2016,0.112716068
경상남도,양파,2016,0.271848605
제주도,양파,2016,0.077870101
서울특별시,풋고추,2013,0.002347172
부산광역시,풋고추,2013,0.000491525
대구광역시,풋고추,2013,0.005511711
인천광역시,풋고추,2013,0.000215388
광주광역시,풋고추,2013,0.098537022
대전광역시,풋고추,2013,0.003302608
울산광역시,풋고추,2013,0.000149114
경기도,풋고추,2013,0.055835068
강원도,풋고추,2013,0.186205259
충청북도,풋고추,2013,0.012067223
충청남도,풋고추,2013,0.079605012
전라북도,풋고추,2013,0.012796227
전라남도,풋고추,2013,0.09558787
경상북도,풋고추,2013,0.043430957
경상남도,풋고추,2013,0.403719024
제주도,풋고추,2013,0.000198819
서울특별시,풋고추,2014,0.006529866
부산광역시,풋고추,2014,0
대구광역시,풋고추,2014,0.002372052
인천광역시,풋고추,2014,0
광주광역시,풋고추,2014,0.053438399
대전광역시,풋고추,2014,0.001323185
울산광역시,풋고추,2014,0.000548638
경기도,풋고추,2014,0.042643143
강원도,풋고추,2014,0.14059113
충청북도,풋고추,2014,0.012624049
충청남도,풋고추,2014,0.106392706
전라북도,풋고추,2014,0.018417019
전라남도,풋고추,2014,0.107382406
경상북도,풋고추,2014,0.019283006
경상남도,풋고추,2014,0.488330689
제주도,풋고추,2014,0.000123712
서울특별시,풋고추,2015,0
부산광역시,풋고추,2015,0.001298598
대구광역시,풋고추,2015,0.004362833
인천광역시,풋고추,2015,0.000848645
광주광역시,풋고추,2015,0.065345666
대전광역시,풋고추,2015,0.000763211
울산광역시,풋고추,2015,0.000398692
경기도,풋고추,2015,0.052331211
강원도,풋고추,2015,0.15362753
충청북도,풋고추,2015,0.009705309
충청남도,풋고추,2015,0.096648707
전라북도,풋고추,2015,0.03950471
전라남도,풋고추,2015,0.126243066
경상북도,풋고추,2015,0.025954868
경상남도,풋고추,2015,0.42061467
제주도,풋고추,2015,0.002352285
서울특별시,풋고추,2016,0
부산광역시,풋고추,2016,0.002251786
대구광역시,풋고추,2016,0
인천광역시,풋고추,2016,0
광주광역시,풋고추,2016,0.036590051
대전광역시,풋고추,2016,0.000656032
울산광역시,풋고추,2016,0.000543738
경기도,풋고추,2016,0.041530978
강원도,풋고추,2016,0.208724638
충청북도,풋고추,2016,0.010963422
충청남도,풋고추,2016,0.050177602
전라북도,풋고추,2016,0.019988298
전라남도,풋고추,2016,0.110940372
경상북도,풋고추,2016,0.039752008
경상남도,풋고추,2016,0.476285321
제주도,풋고추,2016,0.001595754
서울특별시,감자,2013,0.000291434
부산광역시,감자,2013,0.001747228
대구광역시,감자,2013,0.005247183
인천광역시,감자,2013,0.00855743
광주광역시,감자,2013,0.00187095
대전광역시,감자,2013,0.00241945
울산광역시,감자,2013,0.004231288
경기도,감자,2013,0.079219122
강원도,감자,2013,0.251405618
충청북도,감자,2013,0.081483233
충청남도,감자,2013,0.104000616
전라북도,감자,2013,0.067708863
전라남도,감자,2013,0.097716919
경상북도,감자,2013,0.17454546
경상남도,감자,2013,0.068467691
제주도,감자,2013,0.051090265
서울특별시,감자,2014,0.000370852
부산광역시,감자,2014,0.000973698
대구광역시,감자,2014,0.003381697
인천광역시,감자,2014,0.01120007
광주광역시,감자,2014,0.001612106
대전광역시,감자,2014,0.002536696
울산광역시,감자,2014,0.004802449
경기도,감자,2014,0.082478172
강원도,감자,2014,0.270276632
충청북도,감자,2014,0.06774908
충청남도,감자,2014,0.126780598
전라북도,감자,2014,0.066526454
전라남도,감자,2014,0.10601627
경상북도,감자,2014,0.141421633
경상남도,감자,2014,0.06476533
제주도,감자,2014,0.049106568
서울특별시,감자,2015,0.000249192
부산광역시,감자,2015,0.001219925
대구광역시,감자,2015,0.003066549
인천광역시,감자,2015,0.009287051
광주광역시,감자,2015,0.0005207
대전광역시,감자,2015,0.002108834
울산광역시,감자,2015,0.003057251
경기도,감자,2015,0.072412588
강원도,감자,2015,0.32919935
충청북도,감자,2015,0.043238529
충청남도,감자,2015,0.10774392
전라북도,감자,2015,0.060207759
전라남도,감자,2015,0.106442171
경상북도,감자,2015,0.147742953
경상남도,감자,2015,0.072611569
제주도,감자,2015,0.040893521
서울특별시,감자,2016,0.000314935
부산광역시,감자,2016,0.000946605
대구광역시,감자,2016,0.005811003
인천광역시,감자,2016,0.008578833
광주광역시,감자,2016,0.00247809
대전광역시,감자,2016,0.002499685
울산광역시,감자,2016,0.003037774
경기도,감자,2016,0.099128979
강원도,감자,2016,0.296571706
충청북도,감자,2016,0.053828711
충청남도,감자,2016,0.093456548
전라북도,감자,2016,0.05320604
전라남도,감자,2016,0.093098422
경상북도,감자,2016,0.154055465
경상남도,감자,2016,0.084231648
제주도,감자,2016,0.046585203
서울특별시,고구마,2013,0.00116838
부산광역시,고구마,2013,0.004558201
대구광역시,고구마,2013,0.004873815
인천광역시,고구마,2013,0.042295367
광주광역시,고구마,2013,0.006855509
대전광역시,고구마,2013,0.004078709
울산광역시,고구마,2013,0.005371515
경기도,고구마,2013,0.155424926
강원도,고구마,2013,0.02597446
충청북도,고구마,2013,0.073811287
충청남도,고구마,2013,0.142575778
전라북도,고구마,2013,0.157961981
전라남도,고구마,2013,0.221491521
경상북도,고구마,2013,0.080700178
경상남도,고구마,2013,0.064291264
제주도,고구마,2013,0.008567111
서울특별시,고구마,2014,0.00096873
부산광역시,고구마,2014,0.004027062
대구광역시,고구마,2014,0.002567757
인천광역시,고구마,2014,0.049833732
광주광역시,고구마,2014,0.007032611
대전광역시,고구마,2014,0.003629634
울산광역시,고구마,2014,0.0052535
경기도,고구마,2014,0.144791055
강원도,고구마,2014,0.024208948
충청북도,고구마,2014,0.066125171
충청남도,고구마,2014,0.137860906
전라북도,고구마,2014,0.179503898
전라남도,고구마,2014,0.228971252
경상북도,고구마,2014,0.074933788
경상남도,고구마,2014,0.066842404
제주도,고구마,2014,0.00344955
서울특별시,고구마,2015,0.000692335
부산광역시,고구마,2015,0.00298315
대구광역시,고구마,2015,0.002358691
인천광역시,고구마,2015,0.034145017
광주광역시,고구마,2015,0.003913051
대전광역시,고구마,2015,0.003495614
울산광역시,고구마,2015,0.00497531
경기도,고구마,2015,0.157390847
강원도,고구마,2015,0.025921841
충청북도,고구마,2015,0.067516248
충청남도,고구마,2015,0.122824999
전라북도,고구마,2015,0.192068691
전라남도,고구마,2015,0.253784935
경상북도,고구마,2015,0.066749249
경상남도,고구마,2015,0.056771479
제주도,고구마,2015,0.004408546
서울특별시,고구마,2016,0.000246172
부산광역시,고구마,2016,0.001286541
대구광역시,고구마,2016,0.00232398
인천광역시,고구마,2016,0.04128068
광주광역시,고구마,2016,0.004598139
대전광역시,고구마,2016,0.003291084
울산광역시,고구마,2016,0.004146824
경기도,고구마,2016,0.156119862
강원도,고구마,2016,0.032389186
충청북도,고구마,2016,0.076146238
충청남도,고구마,2016,0.132375998
전라북도,고구마,2016,0.179866657
전라남도,고구마,2016,0.244252326
경상북도,고구마,2016,0.065537402
경상남도,고구마,2016,0.043021467
제주도,고구마,2016,0.008982343
서울특별시,감귤,2013,0
부산광역시,감귤,2013,0
대구광역시,감귤,2013,0
인천광역시,감귤,2013,0
광주광역시,감귤,2013,0
대전광역시,감귤,2013,0
울산광역시,감귤,2013,0
경기도,감귤,2013,0
강원도,감귤,2013,6.88341E-05
충청북도,감귤,2013,0
충청남도,감귤,2013,0
전라북도,감귤,2013,0
전라남도,감귤,2013,0.00069127
경상북도,감귤,2013,0
경상남도,감귤,2013,0
제주도,감귤,2013,0.999239896
서울특별시,감귤,2014,0
부산광역시,감귤,2014,0
대구광역시,감귤,2014,0
인천광역시,감귤,2014,0
광주광역시,감귤,2014,0
대전광역시,감귤,2014,0
울산광역시,감귤,2014,0
경기도,감귤,2014,0
강원도,감귤,2014,0
충청북도,감귤,2014,0
충청남도,감귤,2014,0
전라북도,감귤,2014,0
전라남도,감귤,2014,0.000557921
경상북도,감귤,2014,0
경상남도,감귤,2014,0.000117676
제주도,감귤,2014,0.999324404
서울특별시,감귤,2015,0
부산광역시,감귤,2015,0.000124992
대구광역시,감귤,2015,0
인천광역시,감귤,2015,0
광주광역시,감귤,2015,0
대전광역시,감귤,2015,0
울산광역시,감귤,2015,0
경기도,감귤,2015,0
강원도,감귤,2015,0
충청북도,감귤,2015,0
충청남도,감귤,2015,0
전라북도,감귤,2015,0
전라남도,감귤,2015,0.000477647
경상북도,감귤,2015,0
경상남도,감귤,2015,0
제주도,감귤,2015,0.999397362
서울특별시,감귤,2016,0
부산광역시,감귤,2016,0
대구광역시,감귤,2016,0
인천광역시,감귤,2016,0
광주광역시,감귤,2016,0
대전광역시,감귤,2016,0
울산광역시,감귤,2016,0
경기도,감귤,2016,0
강원도,감귤,2016,0
충청북도,감귤,2016,0
충청남도,감귤,2016,0
전라북도,감귤,2016,0.000153118
전라남도,감귤,2016,0
경상북도,감귤,2016,0
경상남도,감귤,2016,0
제주도,감귤,2016,0.999846882
서울특별시,호박,2013,0.001536968
부산광역시,호박,2013,0.00639527
대구광역시,호박,2013,0.005303621
인천광역시,호박,2013,0.00245853
광주광역시,호박,2013,0.012809094
대전광역시,호박,2013,0.00068344
울산광역시,호박,2013,0.003197635
경기도,호박,2013,0.098124714
강원도,호박,2013,0.107263022
충청북도,호박,2013,0.079374946
충청남도,호박,2013,0.078703876
전라북도,호박,2013,0.036509939
전라남도,호박,2013,0.273196769
경상북도,호박,2013,0.142378249
경상남도,호박,2013,0.122774953
제주도,호박,2013,0.029288975
서울특별시,호박,2014,0.000801818
부산광역시,호박,2014,0.00285123
대구광역시,호박,2014,0.003907776
인천광역시,호박,2014,0.002454663
광주광역시,호박,2014,0.006556381
대전광역시,호박,2014,0.002700708
울산광역시,호박,2014,0.001062336
경기도,호박,2014,0.114046285
강원도,호박,2014,0.109498791
충청북도,호박,2014,0.073463303
충청남도,호박,2014,0.080549404
전라북도,호박,2014,0.0462536
전라남도,호박,2014,0.250172955
경상북도,호박,2014,0.114373381
경상남도,호박,2014,0.160143575
제주도,호박,2014,0.031163794
서울특별시,호박,2015,0.000611938
부산광역시,호박,2015,0.004640301
대구광역시,호박,2015,0.001909905
인천광역시,호박,2015,0.004618348
광주광역시,호박,2015,0.006841083
대전광역시,호박,2015,0.00099337
울산광역시,호박,2015,0.00113332
경기도,호박,2015,0.101921979
강원도,호박,2015,0.081341105
충청북도,호박,2015,0.085254215
충청남도,호박,2015,0.054070074
전라북도,호박,2015,0.076873683
전라남도,호박,2015,0.254684207
경상북도,호박,2015,0.144601225
경상남도,호박,2015,0.144842707
제주도,호박,2015,0.03566254
서울특별시,호박,2016,0.000523128
부산광역시,호박,2016,0.005318471
대구광역시,호박,2016,0.006015976
인천광역시,호박,2016,0.002146167
광주광역시,호박,2016,0.010740897
대전광역시,호박,2016,0.001938257
울산광역시,호박,2016,0.001844363
경기도,호박,2016,0.105152143
강원도,호박,2016,0.081212316
충청북도,호박,2016,0.099481566
충청남도,호박,2016,0.066973837
전라북도,호박,2016,0.03337961
전라남도,호박,2016,0.232346096
경상북도,호박,2016,0.150090877
경상남도,호박,2016,0.184359134
제주도,호박,2016,0.017886964
서울특별시,오이,2013,0.00053815
부산광역시,오이,2013,0.001759789
대구광역시,오이,2013,0.024519201
인천광역시,오이,2013,0.007675508
광주광역시,오이,2013,0.00605713
대전광역시,오이,2013,0.02104676
울산광역시,오이,2013,0.000655993
경기도,오이,2013,0.155336717
강원도,오이,2013,0.115651122
충청북도,오이,2013,0.051799855
충청남도,오이,2013,0.241884545
전라북도,오이,2013,0.057334548
전라남도,오이,2013,0.054895198
경상북도,오이,2013,0.183143737
경상남도,오이,2013,0.075333103
제주도,오이,2013,0.002368644
서울특별시,오이,2014,0.001221762
부산광역시,오이,2014,0.000114652
대구광역시,오이,2014,0.018967772
인천광역시,오이,2014,0.006900629
광주광역시,오이,2014,0.009025277
대전광역시,오이,2014,0.016878952
울산광역시,오이,2014,0.001121442
경기도,오이,2014,0.197864603
강원도,오이,2014,0.144501173
충청북도,오이,2014,0.041812221
충청남도,오이,2014,0.202551011
전라북도,오이,2014,0.041690403
전라남도,오이,2014,0.081492628
경상북도,오이,2014,0.150509665
경상남도,오이,2014,0.082008563
제주도,오이,2014,0.003339245
서울특별시,오이,2015,0.004279811
부산광역시,오이,2015,0.000280401
대구광역시,오이,2015,0.009895218
인천광역시,오이,2015,0.009404516
광주광역시,오이,2015,0.007349469
대전광역시,오이,2015,0.022088991
울산광역시,오이,2015,0.000774793
경기도,오이,2015,0.164794864
강원도,오이,2015,0.121225649
충청북도,오이,2015,0.087293388
충청남도,오이,2015,0.250848583
전라북도,오이,2015,0.068159681
전라남도,오이,2015,0.055047226
경상북도,오이,2015,0.131984209
경상남도,오이,2015,0.064625148
제주도,오이,2015,0.001948052
서울특별시,오이,2016,0
부산광역시,오이,2016,0.000302613
대구광역시,오이,2016,0.00933605
인천광역시,오이,2016,0.010028164
광주광역시,오이,2016,0.000790988
대전광역시,오이,2016,0.005168384
울산광역시,오이,2016,0.000143816
경기도,오이,2016,0.147120686
강원도,오이,2016,0.115364334
충청북도,오이,2016,0.099799257
충청남도,오이,2016,0.222399329
전라북도,오이,2016,0.078481544
전라남도,오이,2016,0.061175695
경상북도,오이,2016,0.193630153
경상남도,오이,2016,0.039474473
제주도,오이,2016,0.009342042
